county_code,county,county_abbr,year,candidates,present_candidates,passed_candidates,failed_candidates,absent_candidates,eliminated_candidates,graded_candidates,final_grade_sum,pass_rate,average_grade
RO111,Bihor,BH,2015,5487,5273,3426,1742,214,105,3738,28459.27,0.649725,7.6135
RO112,Bistriţa-Năsăud,BN,2015,2569,2393,1714,678,176,1,1882,14539.1,0.716256,7.7253
RO113,Cluj,CJ,2015,4959,4832,4031,799,127,2,4287,33804.21,0.83423,7.8853
RO114,Maramureş,MM,2015,4301,4010,2742,1259,291,9,2992,22983.02,0.683791,7.6815
RO115,Satu Mare,SM,2015,2666,2587,1912,674,79,1,2086,16077.18,0.73908,7.7072
RO116,Sălaj,SJ,2015,2088,1938,1224,711,150,3,1328,10247.23,0.631579,7.7163
RO121,Alba,AB,2015,3028,2903,2188,709,125,6,2330,18509.46,0.753703,7.944
RO122,Braşov,BV,2015,3572,3451,2780,669,121,2,2992,23467.46,0.805564,7.8434
RO123,Covasna,CV,2015,1521,1451,927,522,70,2,981,7510.12,0.63887,7.6556
RO124,Harghita,HR,2015,2646,2482,1387,1092,164,3,1512,11276.46,0.558824,7.458
RO125,Mureş,MS,2015,4309,4097,2857,1233,212,7,3107,23965.14,0.69734,7.7133
RO126,Sibiu,SB,2015,2711,2551,1981,568,160,2,2130,16672.78,0.776558,7.8276
RO211,Bacău,BC,2015,4722,4518,3611,900,204,7,3879,30397.7,0.799247,7.8365
RO212,Botoşani,BT,2015,3235,3078,2277,799,157,2,2475,19336.08,0.739766,7.8126
RO213,Iaşi,IS,2015,6060,5713,4437,1271,347,5,4758,37829.03,0.77665,7.9506
RO214,Neamţ,NT,2015,4493,4278,3001,1181,215,96,3235,25345.38,0.701496,7.8347
RO215,Suceava,SV,2015,6345,6055,4244,1809,290,2,4564,35366.07,0.700908,7.7489
RO216,Vaslui,VS,2015,3229,3066,2143,921,163,2,2367,18094.01,0.698956,7.6443
RO221,Brăila,BR,2015,2072,2039,1613,426,33,0,1754,13590.53,0.791074,7.7483
RO222,Buzău,BZ,2015,3429,3318,2344,970,111,4,2524,19522.94,0.70645,7.7349
RO223,Constanţa,CT,2015,6493,6067,3431,2613,426,23,3803,29000.77,0.565518,7.6258
RO224,Galaţi,GL,2015,4269,4076,3114,957,193,5,3367,26074.38,0.763984,7.7441
RO225,Tulcea,TL,2015,1450,1351,990,361,99,0,1064,8313.02,0.732791,7.813
RO226,Vrancea,VN,2015,2626,2499,1783,715,127,1,1955,15336.52,0.713485,7.8448
RO311,Argeş,AG,2015,5486,5299,3626,1670,187,3,3945,30181.72,0.68428,7.6506
RO312,Călăraşi,CL,2015,1847,1734,982,748,113,4,1098,8192.28,0.566321,7.4611
RO313,Dâmboviţa,DB,2015,4393,4156,2566,1584,237,6,2859,22177.41,0.617421,7.7571
RO314,Giurgiu,GR,2015,2098,1959,731,1224,139,4,864,6274.93,0.37315,7.2627
RO315,Ialomiţa,IL,2015,2026,1898,1305,589,128,4,1452,11072.75,0.687566,7.6259
RO316,Prahova,PH,2015,6595,6309,4765,1540,286,4,5152,40696.95,0.75527,7.8993
RO317,Teleorman,TR,2015,3473,3156,1398,1749,317,9,1641,12160.01,0.442966,7.4101
RO321,Bucureşti,B,2015,17761,16991,11932,5035,770,24,13080,101634.43,0.702254,7.7702
RO322,Ilfov,IF,2015,1703,1539,644,893,164,2,817,5734.53,0.418454,7.019
RO411,Dolj,DJ,2015,5593,5060,3184,1866,533,10,3548,26966.88,0.629249,7.6006
RO412,Gorj,GJ,2015,4556,4221,2301,1902,335,18,2547,19566.05,0.545131,7.682
RO413,Mehedinţi,MH,2015,2440,2228,1226,1002,212,0,1317,10202.72,0.550269,7.7469
RO414,Olt,OT,2015,4076,3719,2156,1557,357,6,2351,18068.87,0.579726,7.6856
RO415,Vâlcea,VL,2015,3702,3490,2314,1173,212,3,2511,19505.87,0.663037,7.7682
RO421,Arad,AR,2015,3550,3320,2016,1302,230,2,2298,17215.62,0.607229,7.4916
RO422,Caraş-Severin,CS,2015,2183,1994,1240,748,189,6,1368,10295.17,0.621866,7.5257
RO423,Hunedoara,HD,2015,3977,3735,2607,1127,242,1,2845,21844.51,0.697992,7.6782
RO424,Timiş,TM,2015,5200,4882,3170,1562,318,150,3498,27001.74,0.649324,7.7192
RO111,Bihor,BH,2016,4250,4049,2379,1655,201,15,2613,19980.92,0.587552,7.6467
RO112,Bistriţa-Năsăud,BN,2016,2163,2036,1423,605,127,8,1542,12061.54,0.698919,7.822
RO113,Cluj,CJ,2016,4011,3910,3294,610,101,6,3497,28315.12,0.842455,8.097
RO114,Maramureş,MM,2016,3545,3317,2255,1056,228,6,2451,19089.72,0.679831,7.7885
RO115,Satu Mare,SM,2016,1975,1899,1351,547,76,1,1493,11230.26,0.711427,7.5219
RO116,Sălaj,SJ,2016,1810,1711,1075,634,99,2,1179,9115.19,0.628288,7.7313
RO121,Alba,AB,2016,2559,2448,1801,643,111,4,1936,15242.36,0.735703,7.8731
RO122,Braşov,BV,2016,3062,2942,2329,609,120,4,2493,19716.31,0.791638,7.9087
RO123,Covasna,CV,2016,1306,1231,821,410,75,0,867,6742.61,0.666937,7.7769
RO124,Harghita,HR,2016,2382,2272,1387,884,110,1,1475,11193.35,0.610475,7.5887
RO125,Mureş,MS,2016,3606,3431,2221,1204,175,6,2388,18668.21,0.647333,7.8175
RO126,Sibiu,SB,2016,2218,2104,1657,446,114,1,1808,14320.95,0.787548,7.9209
RO211,Bacău,BC,2016,3701,3590,2885,702,111,3,3070,24334.79,0.803621,7.9266
RO212,Botoşani,BT,2016,2646,2488,1845,642,158,1,2008,15671.47,0.741559,7.8045
RO213,Iaşi,IS,2016,4886,4572,3543,1027,314,2,3830,30098.2,0.774934,7.8585
RO214,Neamţ,NT,2016,3616,3415,2311,1096,201,8,2536,19666.41,0.67672,7.7549
RO215,Suceava,SV,2016,5252,4984,3616,1366,268,2,3933,30536.27,0.725522,7.7641
RO216,Vaslui,VS,2016,2726,2561,1833,727,165,1,2019,15590.64,0.715736,7.722
RO221,Brăila,BR,2016,1660,1615,1226,388,45,1,1353,10442.91,0.759133,7.7183
RO222,Buzău,BZ,2016,2800,2694,1860,832,106,2,2050,15536.87,0.690423,7.579
RO223,Constanţa,CT,2016,5123,4721,2921,1793,402,7,3246,25029.07,0.618725,7.7107
RO224,Galaţi,GL,2016,3429,3278,2616,662,151,0,2786,21982.58,0.798048,7.8904
RO225,Tulcea,TL,2016,1259,1163,792,370,96,1,892,6742.06,0.680997,7.5584
RO226,Vrancea,VN,2016,2192,2077,1450,620,115,7,1586,12419.58,0.698122,7.8308
RO311,Argeş,AG,2016,4604,4398,3147,1244,206,7,3438,26550.65,0.715553,7.7227
RO312,Călăraşi,CL,2016,1492,1390,789,598,102,3,921,6854.89,0.567626,7.4429
RO313,Dâmboviţa,DB,2016,3504,3238,1882,1353,266,3,2145,16189.18,0.581223,7.5474
RO314,Giurgiu,GR,2016,1700,1544,640,900,156,4,762,5468.69,0.414508,7.1768
RO315,Ialomiţa,IL,2016,1626,1540,1049,491,86,0,1174,8893.47,0.681169,7.5754
RO316,Prahova,PH,2016,5276,5071,3756,1315,205,0,4064,32265.33,0.740682,7.9393
RO317,Teleorman,TR,2016,2644,2409,1228,1172,235,9,1421,10453.36,0.509755,7.3563
RO321,Bucureşti,B,2016,14639,13872,9727,4121,767,24,10727,83498.0,0.701197,7.7839
RO322,Ilfov,IF,2016,1403,1263,449,811,140,3,557,3901.36,0.355503,7.0042
RO411,Dolj,DJ,2016,4375,4073,2711,1352,302,10,2976,23189.78,0.665603,7.7923
RO412,Gorj,GJ,2016,3670,3369,1962,1404,301,3,2163,16941.55,0.582369,7.8324
RO413,Mehedinţi,MH,2016,1927,1741,989,749,186,3,1080,8273.47,0.568064,7.6606
RO414,Olt,OT,2016,3105,2843,1732,1109,262,2,1908,14608.38,0.609216,7.6564
RO415,Vâlcea,VL,2016,2958,2808,1929,876,150,3,2108,16546.11,0.686966,7.8492
RO421,Arad,AR,2016,3058,2860,1755,1102,198,3,1977,14882.64,0.613636,7.5279
RO422,Caraş-Severin,CS,2016,1791,1616,1026,576,175,14,1107,8372.08,0.634901,7.5629
RO423,Hunedoara,HD,2016,3073,2877,1940,932,196,5,2163,16665.42,0.674314,7.7048
RO424,Timiş,TM,2016,4316,3975,2565,1404,341,6,2850,21709.6,0.645283,7.6174
RO111,Bihor,BH,2017,4228,4078,2862,1206,150,10,3087,24270.3,0.701815,7.8621
RO112,Bistriţa-Năsăud,BN,2017,2045,1947,1484,463,98,0,1574,12613.52,0.762198,8.0137
RO113,Cluj,CJ,2017,4205,4116,3443,662,89,11,3618,29159.9,0.836492,8.0597
RO114,Maramureş,MM,2017,3589,3324,2267,1052,265,5,2478,19160.86,0.68201,7.7324
RO115,Satu Mare,SM,2017,1977,1933,1433,499,44,1,1579,12133.38,0.741335,7.6842
RO116,Sălaj,SJ,2017,1787,1666,1189,474,121,3,1261,10024.37,0.713685,7.9495
RO121,Alba,AB,2017,2621,2521,2031,485,100,5,2111,17248.36,0.805633,8.1707
RO122,Braşov,BV,2017,3091,2971,2392,577,120,2,2548,20197.52,0.805116,7.9268
RO123,Covasna,CV,2017,1245,1201,833,368,44,0,868,6725.19,0.693589,7.7479
RO124,Harghita,HR,2017,2312,2230,1398,830,82,2,1497,11321.11,0.626906,7.5625
RO125,Mureş,MS,2017,3529,3354,2270,1081,175,3,2438,19085.26,0.676804,7.8282
RO126,Sibiu,SB,2017,2404,2281,1924,355,123,2,2002,16225.32,0.84349,8.1046
RO211,Bacău,BC,2017,3866,3749,3169,577,117,3,3345,26782.46,0.845292,8.0067
RO212,Botoşani,BT,2017,2750,2651,2031,616,99,4,2144,17143.68,0.766126,7.9961
RO213,Iaşi,IS,2017,4920,4692,3946,742,228,4,4152,33413.53,0.841006,8.0476
RO214,Neamţ,NT,2017,3663,3500,2607,889,163,4,2782,21910.31,0.744857,7.8757
RO215,Suceava,SV,2017,5192,4960,3714,1243,232,3,3976,31039.44,0.74879,7.8067
RO216,Vaslui,VS,2017,2680,2520,1932,586,160,2,2072,16265.9,0.766667,7.8503
RO221,Brăila,BR,2017,1632,1586,1287,299,46,0,1368,10693.73,0.811475,7.8171
RO222,Buzău,BZ,2017,2798,2706,2096,606,92,4,2236,17723.06,0.774575,7.9262
RO223,Constanţa,CT,2017,4989,4658,3041,1607,331,10,3306,25391.67,0.652855,7.6805
RO224,Galaţi,GL,2017,3397,3258,2622,636,139,0,2795,22270.58,0.804788,7.968
RO225,Tulcea,TL,2017,1195,1119,794,324,76,1,866,6685.92,0.709562,7.7205
RO226,Vrancea,VN,2017,2131,2039,1447,586,92,6,1565,12394.51,0.709662,7.9198
RO311,Argeş,AG,2017,4570,4364,3352,1008,206,4,3530,28790.05,0.768103,8.1558
RO312,Călăraşi,CL,2017,1464,1369,864,503,95,2,939,7218.02,0.631118,7.6869
RO313,Dâmboviţa,DB,2017,3302,3119,2017,1094,183,8,2210,16988.69,0.646682,7.6872
RO314,Giurgiu,GR,2017,1469,1319,688,628,150,3,772,5785.7,0.521607,7.4944
RO315,Ialomiţa,IL,2017,1736,1625,1206,419,111,0,1288,10124.3,0.742154,7.8605
RO316,Prahova,PH,2017,5117,4936,3859,1072,181,5,4124,33001.84,0.781807,8.0024
RO317,Teleorman,TR,2017,2465,2241,1254,982,224,5,1376,10374.77,0.559572,7.5398
RO321,Bucureşti,B,2017,14475,13818,10432,3372,657,14,11280,89332.83,0.754957,7.9196
RO322,Ilfov,IF,2017,1233,1106,491,613,127,2,591,4141.2,0.443942,7.0071
RO411,Dolj,DJ,2017,4350,4035,2816,1210,315,9,2978,23834.68,0.697893,8.0036
RO412,Gorj,GJ,2017,3451,3211,1928,1278,240,5,2094,16260.78,0.600436,7.7654
RO413,Mehedinţi,MH,2017,1810,1650,1008,641,160,1,1102,8509.31,0.610909,7.7217
RO414,Olt,OT,2017,2960,2746,1787,953,214,6,1921,14896.62,0.650765,7.7546
RO415,Vâlcea,VL,2017,2814,2680,1903,770,134,7,2049,15995.37,0.710075,7.8064
RO421,Arad,AR,2017,3007,2811,1881,926,196,4,2054,15741.58,0.669157,7.6639
RO422,Caraş-Severin,CS,2017,1890,1721,1102,612,169,7,1186,9007.97,0.640325,7.5953
RO423,Hunedoara,HD,2017,2961,2817,2010,804,144,3,2163,16898.1,0.713525,7.8123
RO424,Timiş,TM,2017,4193,3882,2831,1043,311,8,3071,23962.17,0.729263,7.8027
RO111,Bihor,BH,2018,4143,3791,2471,1313,352,7,2655,20585.65,0.651807,7.7535
RO112,Bistriţa-Năsăud,BN,2018,2118,1945,1390,554,173,1,1504,11814.89,0.714653,7.8556
RO113,Cluj,CJ,2018,4200,3968,3264,703,232,1,3425,27565.3,0.822581,8.0483
RO114,Maramureş,MM,2018,3455,3102,2074,1021,353,7,2242,17447.12,0.668601,7.7819
RO115,Satu Mare,SM,2018,1948,1823,1261,561,125,1,1357,10371.98,0.691717,7.6433
RO116,Sălaj,SJ,2018,1811,1648,1036,612,163,0,1104,8680.9,0.628641,7.8631
RO121,Alba,AB,2018,2490,2293,1759,527,197,7,1836,14705.82,0.767117,8.0097
RO122,Braşov,BV,2018,3036,2760,2103,656,276,1,2264,17846.29,0.761957,7.8826
RO123,Covasna,CV,2018,1174,1069,685,384,105,0,722,5557.28,0.640786,7.6971
RO124,Harghita,HR,2018,2239,2048,1188,858,191,2,1244,9497.52,0.580078,7.6347
RO125,Mureş,MS,2018,3562,3250,2157,1090,312,3,2318,17897.67,0.663692,7.7212
RO126,Sibiu,SB,2018,2452,2189,1702,487,263,0,1787,14281.77,0.777524,7.992
RO211,Bacău,BC,2018,3861,3609,2837,772,252,0,3037,24026.17,0.78609,7.9112
RO212,Botoşani,BT,2018,2817,2579,1869,709,238,1,1967,15650.8,0.724699,7.9567
RO213,Iaşi,IS,2018,5257,4800,3894,904,457,2,4103,32890.94,0.81125,8.0163
RO214,Neamţ,NT,2018,3768,3402,2361,1039,366,2,2549,20032.83,0.694004,7.8591
RO215,Suceava,SV,2018,5462,4917,3522,1390,545,5,3798,29608.81,0.71629,7.7959
RO216,Vaslui,VS,2018,2870,2558,1786,770,312,2,1922,15046.68,0.698202,7.8287
RO221,Brăila,BR,2018,1749,1610,1284,326,139,0,1359,10711.78,0.797516,7.8821
RO222,Buzău,BZ,2018,2794,2572,1947,624,222,1,2082,16314.01,0.756998,7.8357
RO223,Constanţa,CT,2018,5094,4562,2880,1679,532,3,3146,24439.8,0.631302,7.7685
RO224,Galaţi,GL,2018,3487,3158,2430,727,329,1,2591,20503.63,0.769474,7.9134
RO225,Tulcea,TL,2018,1272,1083,729,353,189,1,808,6185.35,0.67313,7.6551
RO226,Vrancea,VN,2018,2206,1966,1367,597,240,2,1490,11771.18,0.69532,7.9001
RO311,Argeş,AG,2018,4786,4347,3064,1279,439,4,3262,25458.81,0.704854,7.8047
RO312,Călăraşi,CL,2018,1591,1380,806,571,211,3,892,6726.52,0.584058,7.5409
RO313,Dâmboviţa,DB,2018,3194,2857,1880,973,337,4,2051,16149.28,0.658033,7.8739
RO314,Giurgiu,GR,2018,1408,1210,603,604,198,3,681,5075.0,0.498347,7.4523
RO315,Ialomiţa,IL,2018,1774,1607,1042,565,167,0,1119,8830.23,0.648413,7.8912
RO316,Prahova,PH,2018,5180,4737,3359,1375,443,3,3592,28099.69,0.709099,7.8229
RO317,Teleorman,TR,2018,2468,2168,1140,1019,300,9,1252,9482.66,0.52583,7.574
RO321,Bucureşti,B,2018,14665,13471,10059,3405,1194,7,10800,86022.26,0.746715,7.965
RO322,Ilfov,IF,2018,1220,969,354,615,251,0,434,3033.06,0.365325,6.9886
RO411,Dolj,DJ,2018,4322,3796,2574,1217,526,5,2752,21364.36,0.678082,7.7632
RO412,Gorj,GJ,2018,3368,3056,1907,1147,312,2,2060,15800.06,0.624018,7.6699
RO413,Mehedinţi,MH,2018,1798,1510,920,588,288,2,977,7682.35,0.609272,7.8632
RO414,Olt,OT,2018,2909,2619,1744,874,290,1,1865,14786.97,0.665903,7.9287
RO415,Vâlcea,VL,2018,2913,2647,1832,811,266,4,1927,15381.15,0.692104,7.9819
RO421,Arad,AR,2018,3020,2641,1615,1022,379,4,1755,13595.67,0.611511,7.7468
RO422,Caraş-Severin,CS,2018,1848,1578,989,581,270,8,1066,8199.14,0.626743,7.6915
RO423,Hunedoara,HD,2018,2869,2595,1785,806,274,4,1925,15002.83,0.687861,7.7937
RO424,Timiş,TM,2018,4266,3730,2494,1232,536,4,2732,20871.6,0.668633,7.6397
RO111,Bihor,BH,2019,4092,3933,2668,1263,159,2,2912,22772.99,0.678363,7.8204
RO112,Bistriţa-Năsăud,BN,2019,2137,2014,1362,648,123,4,1481,11615.57,0.676266,7.8431
RO113,Cluj,CJ,2019,4224,4141,3399,739,83,3,3633,29044.42,0.820816,7.9946
RO114,Maramureş,MM,2019,3585,3328,2138,1189,257,1,2342,18009.76,0.642428,7.6899
RO115,Satu Mare,SM,2019,2018,1976,1344,632,42,0,1462,11200.24,0.680162,7.6609
RO116,Sălaj,SJ,2019,1784,1703,1054,649,81,0,1137,8865.39,0.618908,7.7972
RO121,Alba,AB,2019,2522,2404,1713,683,118,8,1842,14569.26,0.712562,7.9095
RO122,Braşov,BV,2019,3133,3019,2261,757,114,1,2485,19331.84,0.748923,7.7794
RO123,Covasna,CV,2019,1198,1147,696,450,51,1,730,5582.75,0.6068,7.6476
RO124,Harghita,HR,2019,2230,2130,1130,1000,100,0,1178,8975.82,0.530516,7.6195
RO125,Mureş,MS,2019,3488,3332,2079,1247,156,6,2235,17537.76,0.62395,7.8469
RO126,Sibiu,SB,2019,2428,2321,1775,546,107,0,1893,15029.46,0.764757,7.9395
RO211,Bacău,BC,2019,3829,3689,2880,808,140,1,3103,24519.58,0.780699,7.9019
RO212,Botoşani,BT,2019,2865,2734,1989,745,131,0,2135,16851.91,0.727505,7.8932
RO213,Iaşi,IS,2019,5274,5080,3945,1132,194,3,4169,33573.59,0.776575,8.0532
RO214,Neamţ,NT,2019,3726,3559,2479,1076,167,4,2707,21332.16,0.696544,7.8804
RO215,Suceava,SV,2019,5459,5196,3616,1577,263,3,3875,30428.76,0.69592,7.8526
RO216,Vaslui,VS,2019,2848,2694,1810,883,154,1,1973,15309.09,0.671863,7.7593
RO221,Brăila,BR,2019,1738,1673,1277,395,65,1,1380,10763.09,0.763299,7.7993
RO222,Buzău,BZ,2019,2793,2664,1985,679,129,0,2116,16844.22,0.74512,7.9604
RO223,Constanţa,CT,2019,5069,4769,3142,1627,300,0,3412,26707.09,0.658838,7.8274
RO224,Galaţi,GL,2019,3500,3336,2492,842,164,2,2684,21209.42,0.747002,7.9022
RO225,Tulcea,TL,2019,1249,1174,756,416,75,2,831,6387.95,0.643952,7.6871
RO226,Vrancea,VN,2019,2257,2116,1476,640,141,0,1593,12709.11,0.697543,7.9781
RO311,Argeş,AG,2019,4600,4374,3145,1226,226,3,3382,26777.91,0.719021,7.9178
RO312,Călăraşi,CL,2019,1474,1365,797,568,109,0,875,6588.86,0.583883,7.5301
RO313,Dâmboviţa,DB,2019,3198,3009,1833,1176,189,0,2041,15717.16,0.609172,7.7007
RO314,Giurgiu,GR,2019,1339,1216,625,590,123,1,723,5250.32,0.51398,7.2619
RO315,Ialomiţa,IL,2019,1703,1615,1064,548,88,3,1136,9064.81,0.658824,7.9796
RO316,Prahova,PH,2019,5221,5025,3688,1335,196,2,4002,31508.29,0.73393,7.8731
RO317,Teleorman,TR,2019,2346,2133,1296,834,213,3,1459,11129.89,0.607595,7.6284
RO321,Bucureşti,B,2019,14876,14289,10644,3640,587,5,11497,91030.32,0.744909,7.9177
RO322,Ilfov,IF,2019,1132,1035,421,613,97,1,497,3520.2,0.406763,7.0829
RO411,Dolj,DJ,2019,4429,4121,2752,1364,308,5,2973,23164.44,0.667799,7.7916
RO412,Gorj,GJ,2019,3351,3112,1949,1160,239,3,2140,16638.26,0.626285,7.7749
RO413,Mehedinţi,MH,2019,1726,1536,880,656,190,0,956,7405.83,0.572917,7.7467
RO414,Olt,OT,2019,2799,2591,1765,824,208,2,1892,14810.95,0.681204,7.8282
RO415,Vâlcea,VL,2019,2700,2564,1715,844,136,5,1851,14387.68,0.668877,7.7729
RO421,Arad,AR,2019,2894,2713,1707,1006,181,0,1902,14452.96,0.629193,7.5988
RO422,Caraş-Severin,CS,2019,1851,1706,1066,636,145,4,1166,8935.69,0.624853,7.6635
RO423,Hunedoara,HD,2019,2858,2725,1822,902,133,1,2029,15628.31,0.668624,7.7025
RO424,Timiş,TM,2019,4148,3907,2581,1323,241,3,2838,21982.18,0.660609,7.7457
RO111,Bihor,BH,2020,4714,4490,2831,1652,224,7,3067,24206.63,0.630512,7.8926
RO112,Bistriţa-Năsăud,BN,2020,2399,2322,1534,783,77,5,1671,13261.04,0.660637,7.936
RO113,Cluj,CJ,2020,4582,4473,3546,923,109,4,3775,30772.44,0.792757,8.1516
RO114,Maramureş,MM,2020,4023,3817,2331,1473,206,13,2590,20014.08,0.610689,7.7274
RO115,Satu Mare,SM,2020,2158,2080,1400,680,78,0,1521,11799.42,0.673077,7.7577
RO116,Sălaj,SJ,2020,1848,1780,1092,687,68,1,1167,9304.03,0.613483,7.9726
RO121,Alba,AB,2020,2639,2504,1799,698,135,7,1924,15363.23,0.71845,7.985
RO122,Braşov,BV,2020,3627,3477,2527,942,150,8,2684,21437.64,0.726776,7.9872
RO123,Covasna,CV,2020,1391,1331,827,501,60,3,866,6819.96,0.621337,7.8752
RO124,Harghita,HR,2020,2415,2325,1338,987,90,0,1413,10980.68,0.575484,7.7712
RO125,Mureş,MS,2020,4188,4006,2463,1539,182,4,2666,20688.93,0.614828,7.7603
RO126,Sibiu,SB,2020,2704,2562,1891,667,142,4,2037,16192.13,0.738095,7.949
RO211,Bacău,BC,2020,4347,4214,3043,1168,133,3,3276,25896.28,0.722117,7.9048
RO212,Botoşani,BT,2020,3244,3126,1974,1149,118,3,2115,16811.63,0.631478,7.9488
RO213,Iaşi,IS,2020,5859,5613,4091,1518,246,4,4363,35030.36,0.728844,8.029
RO214,Neamţ,NT,2020,3819,3651,2443,1203,168,5,2654,20850.77,0.669132,7.8564
RO215,Suceava,SV,2020,6288,5964,3999,1951,324,14,4292,34179.56,0.670523,7.9636
RO216,Vaslui,VS,2020,3105,2966,1957,1005,139,4,2136,16694.01,0.659811,7.8155
RO221,Brăila,BR,2020,2108,2008,1435,571,100,2,1544,12192.37,0.714641,7.8966
RO222,Buzău,BZ,2020,2976,2895,1970,922,81,3,2115,16876.9,0.680484,7.9796
RO223,Constanţa,CT,2020,6089,5775,3424,2344,314,7,3771,29279.24,0.5929,7.7643
RO224,Galaţi,GL,2020,3944,3754,2608,1144,190,2,2803,22300.68,0.694726,7.956
RO225,Tulcea,TL,2020,1447,1353,777,574,94,2,866,6690.27,0.574279,7.7255
RO226,Vrancea,VN,2020,2546,2393,1550,839,153,4,1678,13346.93,0.647723,7.9541
RO311,Argeş,AG,2020,5085,4855,3183,1666,230,6,3418,26843.26,0.655613,7.8535
RO312,Călăraşi,CL,2020,1767,1641,864,775,126,2,968,7470.48,0.526508,7.7174
RO313,Dâmboviţa,DB,2020,3669,3489,2119,1368,180,2,2300,18164.52,0.607337,7.8976
RO314,Giurgiu,GR,2020,1582,1494,668,821,88,5,813,5933.13,0.447122,7.2978
RO315,Ialomiţa,IL,2020,1921,1792,1081,705,129,6,1162,9210.26,0.603237,7.9262
RO316,Prahova,PH,2020,5821,5621,3871,1737,200,13,4172,33466.37,0.688667,8.0217
RO317,Teleorman,TR,2020,2446,2284,1239,1040,162,5,1363,10498.4,0.542469,7.7024
RO321,Bucureşti,B,2020,17715,16950,11687,5244,765,19,12626,101444.64,0.689499,8.0346
RO322,Ilfov,IF,2020,1630,1472,500,972,158,0,618,4375.39,0.339674,7.0799
RO411,Dolj,DJ,2020,4920,4581,2944,1624,339,13,3135,25347.89,0.642654,8.0855
RO412,Gorj,GJ,2020,3967,3738,1918,1805,229,15,2121,16390.85,0.513109,7.7279
RO413,Mehedinţi,MH,2020,2374,2166,1079,1071,208,16,1199,9314.53,0.498153,7.7686
RO414,Olt,OT,2020,3133,2907,1751,1152,226,4,1878,14988.55,0.602339,7.9811
RO415,Vâlcea,VL,2020,3211,3041,1837,1190,170,14,2014,15947.62,0.604078,7.9184
RO421,Arad,AR,2020,3395,3147,1812,1331,248,4,2018,15591.02,0.575786,7.726
RO422,Caraş-Severin,CS,2020,2162,1980,1209,764,182,7,1327,10116.26,0.610606,7.6234
RO423,Hunedoara,HD,2020,3409,3191,1929,1252,218,10,2121,16721.68,0.604513,7.8839
RO424,Timiş,TM,2020,4983,4701,2934,1758,282,9,3229,25182.47,0.624123,7.7988
RO111,Bihor,BH,2021,3718,3583,2486,1092,135,5,2648,20900.3,0.693832,7.8929
RO112,Bistriţa-Năsăud,BN,2021,2072,1973,1305,668,99,0,1437,11206.0,0.661429,7.7982
RO113,Cluj,CJ,2021,4190,4097,3319,777,93,1,3488,28130.37,0.810105,8.0649
RO114,Maramureş,MM,2021,3580,3343,2225,1116,237,2,2431,18770.94,0.66557,7.7215
RO115,Satu Mare,SM,2021,1996,1940,1354,586,56,0,1448,11092.55,0.697938,7.6606
RO116,Sălaj,SJ,2021,1635,1556,1044,512,79,0,1111,8756.3,0.670951,7.8815
RO121,Alba,AB,2021,2453,2338,1752,575,115,11,1865,14885.14,0.749358,7.9813
RO122,Braşov,BV,2021,3304,3156,2374,779,148,3,2529,20060.44,0.752218,7.9322
RO123,Covasna,CV,2021,1152,1105,720,385,47,0,752,5849.87,0.651584,7.7791
RO124,Harghita,HR,2021,2197,2099,1135,963,98,1,1196,9124.13,0.540734,7.6289
RO125,Mureş,MS,2021,3429,3274,2156,1114,155,4,2328,18007.95,0.658522,7.7354
RO126,Sibiu,SB,2021,2343,2242,1724,518,101,0,1853,14680.8,0.768956,7.9227
RO211,Bacău,BC,2021,3904,3786,2955,830,118,1,3166,24888.27,0.780507,7.8611
RO212,Botoşani,BT,2021,2801,2692,1839,853,109,0,1960,15528.33,0.683135,7.9226
RO213,Iaşi,IS,2021,5309,5106,4027,1079,203,0,4252,34404.1,0.78868,8.0913
RO214,Neamţ,NT,2021,3371,3223,2342,879,148,2,2494,19727.88,0.726652,7.9101
RO215,Suceava,SV,2021,5213,4965,3530,1431,248,4,3754,29504.8,0.710977,7.8596
RO216,Vaslui,VS,2021,2844,2695,1805,888,149,2,1960,15265.38,0.669759,7.7885
RO221,Brăila,BR,2021,1679,1603,1231,372,76,0,1314,10437.67,0.767935,7.9434
RO222,Buzău,BZ,2021,2594,2525,1926,599,69,0,2059,16375.69,0.762772,7.9532
RO223,Constanţa,CT,2021,5083,4802,3184,1614,281,4,3458,26816.1,0.663057,7.7548
RO224,Galaţi,GL,2021,3313,3166,2461,704,147,1,2634,21001.61,0.777322,7.9733
RO225,Tulcea,TL,2021,1269,1199,799,396,70,4,869,6680.91,0.666389,7.688
RO226,Vrancea,VN,2021,2158,2056,1393,662,102,1,1501,11836.17,0.677529,7.8855
RO311,Argeş,AG,2021,4495,4277,3069,1202,218,6,3311,25772.62,0.717559,7.7839
RO312,Călăraşi,CL,2021,1451,1363,850,512,88,1,933,7087.63,0.623624,7.5966
RO313,Dâmboviţa,DB,2021,3100,2975,1953,1019,125,3,2121,16751.18,0.656471,7.8978
RO314,Giurgiu,GR,2021,1231,1139,612,524,92,3,706,5250.37,0.537313,7.4368
RO315,Ialomiţa,IL,2021,1643,1541,952,588,102,1,1030,7941.83,0.617781,7.7105
RO316,Prahova,PH,2021,5344,5131,3738,1392,213,1,4012,31838.73,0.728513,7.9359
RO317,Teleorman,TR,2021,2103,1915,1079,832,188,4,1199,9081.05,0.563446,7.5739
RO321,Bucureşti,B,2021,15333,14744,10961,3767,589,16,11746,94048.15,0.743421,8.0068
RO322,Ilfov,IF,2021,1258,1108,455,647,150,6,561,3907.96,0.41065,6.9661
RO411,Dolj,DJ,2021,4207,3889,2596,1287,318,6,2755,21775.78,0.667524,7.9041
RO412,Gorj,GJ,2021,3336,3141,1843,1280,195,18,2043,15826.96,0.586756,7.7469
RO413,Mehedinţi,MH,2021,1832,1693,976,708,139,9,1079,8306.82,0.576491,7.6986
RO414,Olt,OT,2021,2576,2358,1550,806,218,2,1661,13064.47,0.657337,7.8654
RO415,Vâlcea,VL,2021,2649,2508,1768,732,141,8,1883,14881.71,0.704944,7.9032
RO421,Arad,AR,2021,2840,2615,1713,901,225,1,1871,14469.3,0.655067,7.7335
RO422,Caraş-Severin,CS,2021,1782,1661,1009,646,121,6,1116,8414.86,0.607465,7.5402
RO423,Hunedoara,HD,2021,2618,2447,1628,812,171,7,1766,13629.22,0.665304,7.7176
RO424,Timiş,TM,2021,4259,3972,2752,1217,287,3,2989,23273.01,0.69285,7.7862
RO111,Bihor,BH,2022,3595,3495,2654,840,100,1,2846,22455.97,0.759371,7.8904
RO112,Bistriţa-Năsăud,BN,2022,2033,1977,1489,488,56,0,1623,12824.68,0.753161,7.9018
RO113,Cluj,CJ,2022,4004,3934,3392,542,70,0,3544,29100.07,0.862227,8.2111
RO114,Maramureş,MM,2022,3241,3080,2270,809,161,1,2493,19313.31,0.737013,7.747
RO115,Satu Mare,SM,2022,1857,1808,1344,464,49,0,1423,11091.09,0.743363,7.7942
RO116,Sălaj,SJ,2022,1553,1478,1052,426,75,0,1126,8882.08,0.711773,7.8882
RO121,Alba,AB,2022,2289,2219,1701,505,70,13,1814,14579.66,0.766562,8.0373
RO122,Braşov,BV,2022,3137,3040,2413,619,97,8,2578,20616.87,0.79375,7.9972
RO123,Covasna,CV,2022,1076,1060,769,291,16,0,791,6267.67,0.725472,7.9237
RO124,Harghita,HR,2022,2050,1995,1273,722,55,0,1320,10292.1,0.638095,7.797
RO125,Mureş,MS,2022,3250,3116,2245,871,134,0,2417,18865.19,0.720475,7.8052
RO126,Sibiu,SB,2022,2313,2211,1765,444,102,2,1883,14870.73,0.798281,7.8974
RO211,Bacău,BC,2022,3716,3627,2972,654,89,1,3152,25177.06,0.81941,7.9876
RO212,Botoşani,BT,2022,2758,2691,1978,712,67,1,2101,16629.12,0.735043,7.9149
RO213,Iaşi,IS,2022,5077,4937,4105,831,140,1,4323,35041.37,0.831477,8.1058
RO214,Neamţ,NT,2022,3235,3136,2424,710,99,2,2631,20941.31,0.772959,7.9594
RO215,Suceava,SV,2022,4943,4751,3699,1049,192,3,3931,31341.63,0.778573,7.9729
RO216,Vaslui,VS,2022,2495,2418,1762,655,77,1,1898,14875.43,0.728701,7.8374
RO221,Brăila,BR,2022,1593,1561,1294,265,32,2,1381,10949.45,0.828956,7.9286
RO222,Buzău,BZ,2022,2557,2434,1902,529,123,3,2016,15968.97,0.78143,7.9211
RO223,Constanţa,CT,2022,4730,4530,3216,1311,200,3,3444,27025.85,0.709934,7.8472
RO224,Galaţi,GL,2022,3182,3102,2585,516,80,1,2717,21859.59,0.833333,8.0455
RO225,Tulcea,TL,2022,1117,1054,746,306,63,2,804,6385.77,0.70778,7.9425
RO226,Vrancea,VN,2022,2110,2017,1459,558,93,0,1566,12466.48,0.723352,7.9607
RO311,Argeş,AG,2022,4246,4106,3154,948,140,4,3370,26584.09,0.768144,7.8885
RO312,Călăraşi,CL,2022,1285,1209,738,471,76,0,797,6016.4,0.610422,7.5488
RO313,Dâmboviţa,DB,2022,2895,2769,1988,779,126,2,2156,17016.6,0.717949,7.8927
RO314,Giurgiu,GR,2022,1094,1021,603,416,73,2,693,5125.53,0.590597,7.3961
RO315,Ialomiţa,IL,2022,1548,1416,936,480,132,0,1026,7996.86,0.661017,7.7942
RO316,Prahova,PH,2022,4823,4686,3674,1012,137,0,3916,31340.32,0.784038,8.0031
RO317,Teleorman,TR,2022,1835,1686,1048,634,149,4,1146,8797.41,0.62159,7.6766
RO321,Bucureşti,B,2022,15396,14912,11770,3129,484,13,12570,101529.65,0.789297,8.0771
RO322,Ilfov,IF,2022,1088,1012,522,488,76,2,616,4377.05,0.51581,7.1056
RO411,Dolj,DJ,2022,3938,3675,2765,905,263,5,2935,23627.04,0.752381,8.0501
RO412,Gorj,GJ,2022,2962,2789,1795,989,173,5,1946,15001.0,0.6436,7.7086
RO413,Mehedinţi,MH,2022,1736,1612,1031,574,124,7,1115,8712.13,0.639578,7.8136
RO414,Olt,OT,2022,2411,2298,1594,701,113,3,1709,13268.62,0.693647,7.764
RO415,Vâlcea,VL,2022,2393,2315,1800,514,78,1,1911,15422.77,0.777538,8.0705
RO421,Arad,AR,2022,2690,2537,1820,716,153,1,1974,15300.37,0.717383,7.7509
RO422,Caraş-Severin,CS,2022,1688,1555,1090,461,133,4,1178,9101.96,0.700965,7.7266
RO423,Hunedoara,HD,2022,2355,2267,1673,591,88,3,1796,14015.26,0.73798,7.8036
RO424,Timiş,TM,2022,4159,3937,2821,1112,222,4,3058,23710.09,0.716535,7.7535
RO111,Bihor,BH,2023,3537,3430,2624,806,107,0,2788,21894.41,0.765015,7.8531
RO112,Bistriţa-Năsăud,BN,2023,1857,1809,1408,400,48,1,1528,11817.03,0.778331,7.7337
RO113,Cluj,CJ,2023,4290,4199,3541,658,91,0,3749,30120.65,0.843296,8.0343
RO114,Maramureş,MM,2023,3384,3237,2274,962,147,1,2494,19000.05,0.702502,7.6183
RO115,Satu Mare,SM,2023,1876,1810,1362,448,66,0,1467,11280.74,0.752486,7.6897
RO116,Sălaj,SJ,2023,1533,1453,1003,450,80,0,1084,8416.1,0.690296,7.7639
RO121,Alba,AB,2023,2245,2166,1751,411,79,4,1864,14904.7,0.808403,7.9961
RO122,Braşov,BV,2023,3241,3163,2558,603,78,2,2742,21518.24,0.808726,7.8476
RO123,Covasna,CV,2023,1198,1163,790,373,35,0,832,6379.78,0.679278,7.668
RO124,Harghita,HR,2023,2119,2063,1279,784,56,0,1341,10183.86,0.619971,7.5942
RO125,Mureş,MS,2023,3379,3274,2239,1035,105,0,2425,18489.3,0.683873,7.6245
RO126,Sibiu,SB,2023,2487,2384,1896,488,103,0,2044,16039.31,0.795302,7.847
RO211,Bacău,BC,2023,3711,3637,2979,657,74,1,3199,25241.67,0.819082,7.8905
RO212,Botoşani,BT,2023,2785,2694,1919,775,91,0,2106,16433.56,0.712324,7.8032
RO213,Iaşi,IS,2023,5305,5153,4236,916,152,1,4523,36001.17,0.822045,7.9596
RO214,Neamţ,NT,2023,3177,3088,2409,677,89,2,2625,20521.2,0.780117,7.8176
RO215,Suceava,SV,2023,5170,5002,3872,1128,168,2,4156,32549.79,0.77409,7.832
RO216,Vaslui,VS,2023,2496,2402,1703,698,94,1,1873,14457.5,0.708993,7.7189
RO221,Brăila,BR,2023,1649,1606,1360,246,43,0,1437,11356.2,0.846824,7.9027
RO222,Buzău,BZ,2023,2559,2511,1935,576,48,0,2054,16202.89,0.770609,7.8885
RO223,Constanţa,CT,2023,4863,4622,3537,1084,241,1,3800,29750.26,0.765253,7.829
RO224,Galaţi,GL,2023,3237,3108,2533,573,129,2,2717,21317.12,0.814994,7.8458
RO225,Tulcea,TL,2023,1144,1099,758,340,45,1,824,6390.29,0.689718,7.7552
RO226,Vrancea,VN,2023,2182,2096,1585,510,86,1,1703,13534.55,0.756202,7.9475
RO311,Argeş,AG,2023,4194,4045,3172,872,149,1,3378,26465.49,0.784178,7.8347
RO312,Călăraşi,CL,2023,1382,1307,792,514,75,1,871,6469.22,0.605968,7.4273
RO313,Dâmboviţa,DB,2023,3004,2875,1971,900,129,4,2154,16544.4,0.685565,7.6808
RO314,Giurgiu,GR,2023,1158,1099,672,425,59,2,784,5742.23,0.611465,7.3243
RO315,Ialomiţa,IL,2023,1592,1466,1011,455,126,0,1116,8515.35,0.689632,7.6302
RO316,Prahova,PH,2023,5323,5144,4021,1122,179,1,4261,34206.65,0.781687,8.0278
RO317,Teleorman,TR,2023,1943,1813,1119,693,130,1,1259,9383.56,0.617209,7.4532
RO321,Bucureşti,B,2023,16579,16090,12667,3413,489,10,13622,107575.08,0.787259,7.8972
RO322,Ilfov,IF,2023,1199,1113,577,535,86,1,738,5129.31,0.518419,6.9503
RO411,Dolj,DJ,2023,4076,3849,2722,1120,227,7,2949,23003.1,0.707197,7.8003
RO412,Gorj,GJ,2023,2910,2781,1781,998,129,2,1979,14929.55,0.640417,7.544
RO413,Mehedinţi,MH,2023,1818,1638,1015,618,180,5,1106,8422.32,0.619658,7.6151
RO414,Olt,OT,2023,2425,2263,1571,692,162,0,1710,13283.17,0.694211,7.7679
RO415,Vâlcea,VL,2023,2402,2300,1739,558,102,3,1825,14641.16,0.756087,8.0226
RO421,Arad,AR,2023,2770,2603,1847,753,167,3,2036,15368.14,0.709566,7.5482
RO422,Caraş-Severin,CS,2023,1696,1526,1029,492,170,5,1135,8525.37,0.674312,7.5113
RO423,Hunedoara,HD,2023,2361,2236,1698,537,125,1,1844,14275.93,0.759392,7.7418
RO424,Timiş,TM,2023,4266,4035,3049,983,231,3,3312,25622.06,0.755638,7.7361
