county_code,county,year,employees_thousands,employees
RO111,Bihor,2014,215.78,215780
RO111,Bihor,2015,218.26,218260
RO111,Bihor,2016,224.07,224070
RO111,Bihor,2017,219.56,219560
RO111,Bihor,2018,226.96,226960
RO111,Bihor,2019,225.49,225490
RO111,Bihor,2020,219.22,219220
RO111,Bihor,2021,228.12,228120
RO111,Bihor,2022,230.28,230280
RO111,Bihor,2023,222.85,222850
RO112,Bistriţa-Năsăud,2014,81.62,81620
RO112,Bistriţa-Năsăud,2015,84.48,84480
RO112,Bistriţa-Năsăud,2016,90.39,90390
RO112,Bistriţa-Năsăud,2017,91.46,91460
RO112,Bistriţa-Năsăud,2018,94.17,94170
RO112,Bistriţa-Năsăud,2019,90.45,90450
RO112,Bistriţa-Năsăud,2020,88.41,88410
RO112,Bistriţa-Năsăud,2021,92.41,92410
RO112,Bistriţa-Năsăud,2022,92.59,92590
RO112,Bistriţa-Năsăud,2023,92.74,92740
RO113,Cluj,2014,261.46,261460
RO113,Cluj,2015,279.02,279020
RO113,Cluj,2016,281.09,281090
RO113,Cluj,2017,293.67,293670
RO113,Cluj,2018,303.16,303160
RO113,Cluj,2019,307.34,307340
RO113,Cluj,2020,305.73,305730
RO113,Cluj,2021,316.57,316570
RO113,Cluj,2022,315.1,315100
RO113,Cluj,2023,303.72,303720
RO114,Maramureş,2014,130.53,130530
RO114,Maramureş,2015,133.9,133900
RO114,Maramureş,2016,133.84,133840
RO114,Maramureş,2017,138.43,138430
RO114,Maramureş,2018,141.79,141790
RO114,Maramureş,2019,144.84,144840
RO114,Maramureş,2020,141.52,141520
RO114,Maramureş,2021,147.0,147000
RO114,Maramureş,2022,147.96,147960
RO114,Maramureş,2023,144.61,144610
RO115,Satu Mare,2014,109.73,109730
RO115,Satu Mare,2015,105.54,105540
RO115,Satu Mare,2016,106.2,106200
RO115,Satu Mare,2017,111.01,111010
RO115,Satu Mare,2018,111.41,111410
RO115,Satu Mare,2019,110.04,110040
RO115,Satu Mare,2020,109.14,109140
RO115,Satu Mare,2021,112.06,112060
RO115,Satu Mare,2022,111.62,111620
RO115,Satu Mare,2023,107.69,107690
RO116,Sălaj,2014,62.54,62540
RO116,Sălaj,2015,63.45,63450
RO116,Sălaj,2016,64.59,64590
RO116,Sălaj,2017,67.69,67690
RO116,Sălaj,2018,68.62,68620
RO116,Sălaj,2019,67.32,67320
RO116,Sălaj,2020,66.74,66740
RO116,Sălaj,2021,69.76,69760
RO116,Sălaj,2022,69.07,69070
RO116,Sălaj,2023,69.09,69090
RO121,Alba,2014,105.07,105070
RO121,Alba,2015,106.12,106120
RO121,Alba,2016,109.98,109980
RO121,Alba,2017,112.03,112030
RO121,Alba,2018,112.86,112860
RO121,Alba,2019,115.63,115630
RO121,Alba,2020,113.35,113350
RO121,Alba,2021,112.1,112100
RO121,Alba,2022,116.73,116730
RO121,Alba,2023,112.03,112030
RO122,Braşov,2014,200.55,200550
RO122,Braşov,2015,206.89,206890
RO122,Braşov,2016,212.61,212610
RO122,Braşov,2017,211.42,211420
RO122,Braşov,2018,212.13,212130
RO122,Braşov,2019,212.35,212350
RO122,Braşov,2020,210.81,210810
RO122,Braşov,2021,210.39,210390
RO122,Braşov,2022,212.19,212190
RO122,Braşov,2023,208.95,208950
RO123,Covasna,2014,59.49,59490
RO123,Covasna,2015,61.5,61500
RO123,Covasna,2016,60.68,60680
RO123,Covasna,2017,61.09,61090
RO123,Covasna,2018,61.67,61670
RO123,Covasna,2019,61.34,61340
RO123,Covasna,2020,59.87,59870
RO123,Covasna,2021,61.84,61840
RO123,Covasna,2022,61.53,61530
RO123,Covasna,2023,60.03,60030
RO124,Harghita,2014,77.48,77480
RO124,Harghita,2015,77.09,77090
RO124,Harghita,2016,79.84,79840
RO124,Harghita,2017,81.42,81420
RO124,Harghita,2018,81.68,81680
RO124,Harghita,2019,82.91,82910
RO124,Harghita,2020,80.45,80450
RO124,Harghita,2021,80.89,80890
RO124,Harghita,2022,84.77,84770
RO124,Harghita,2023,81.06,81060
RO125,Mureş,2014,153.15,153150
RO125,Mureş,2015,156.73,156730
RO125,Mureş,2016,155.46,155460
RO125,Mureş,2017,157.56,157560
RO125,Mureş,2018,157.4,157400
RO125,Mureş,2019,158.89,158890
RO125,Mureş,2020,159.52,159520
RO125,Mureş,2021,159.1,159100
RO125,Mureş,2022,161.41,161410
RO125,Mureş,2023,155.68,155680
RO126,Sibiu,2014,151.64,151640
RO126,Sibiu,2015,154.28,154280
RO126,Sibiu,2016,161.53,161530
RO126,Sibiu,2017,162.08,162080
RO126,Sibiu,2018,157.98,157980
RO126,Sibiu,2019,159.63,159630
RO126,Sibiu,2020,156.98,156980
RO126,Sibiu,2021,154.84,154840
RO126,Sibiu,2022,159.74,159740
RO126,Sibiu,2023,156.28,156280
RO211,Bacău,2014,145.2,145200
RO211,Bacău,2015,150.35,150350
RO211,Bacău,2016,148.99,148990
RO211,Bacău,2017,154.29,154290
RO211,Bacău,2018,156.89,156890
RO211,Bacău,2019,164.06,164060
RO211,Bacău,2020,169.83,169830
RO211,Bacău,2021,175.01,175010
RO211,Bacău,2022,177.29,177290
RO211,Bacău,2023,187.24,187240
RO212,Botoşani,2014,71.91,71910
RO212,Botoşani,2015,73.12,73120
RO212,Botoşani,2016,73.93,73930
RO212,Botoşani,2017,77.42,77420
RO212,Botoşani,2018,77.03,77030
RO212,Botoşani,2019,80.6,80600
RO212,Botoşani,2020,80.78,80780
RO212,Botoşani,2021,83.45,83450
RO212,Botoşani,2022,86.46,86460
RO212,Botoşani,2023,89.94,89940
RO213,Iaşi,2014,199.4,199400
RO213,Iaşi,2015,199.78,199780
RO213,Iaşi,2016,204.65,204650
RO213,Iaşi,2017,216.95,216950
RO213,Iaşi,2018,226.32,226320
RO213,Iaşi,2019,237.42,237420
RO213,Iaşi,2020,232.31,232310
RO213,Iaşi,2021,241.05,241050
RO213,Iaşi,2022,249.42,249420
RO213,Iaşi,2023,257.11,257110
RO214,Neamţ,2014,113.64,113640
RO214,Neamţ,2015,120.34,120340
RO214,Neamţ,2016,114.22,114220
RO214,Neamţ,2017,120.83,120830
RO214,Neamţ,2018,124.9,124900
RO214,Neamţ,2019,129.98,129980
RO214,Neamţ,2020,126.68,126680
RO214,Neamţ,2021,130.44,130440
RO214,Neamţ,2022,137.05,137050
RO214,Neamţ,2023,137.03,137030
RO215,Suceava,2014,140.45,140450
RO215,Suceava,2015,140.25,140250
RO215,Suceava,2016,141.55,141550
RO215,Suceava,2017,149.44,149440
RO215,Suceava,2018,152.32,152320
RO215,Suceava,2019,159.9,159900
RO215,Suceava,2020,155.97,155970
RO215,Suceava,2021,164.05,164050
RO215,Suceava,2022,169.34,169340
RO215,Suceava,2023,176.2,176200
RO216,Vaslui,2014,74.38,74380
RO216,Vaslui,2015,76.85,76850
RO216,Vaslui,2016,76.03,76030
RO216,Vaslui,2017,78.08,78080
RO216,Vaslui,2018,78.77,78770
RO216,Vaslui,2019,80.91,80910
RO216,Vaslui,2020,78.74,78740
RO216,Vaslui,2021,79.4,79400
RO216,Vaslui,2022,82.22,82220
RO216,Vaslui,2023,84.61,84610
RO221,Brăila,2014,83.18,83180
RO221,Brăila,2015,85.08,85080
RO221,Brăila,2016,89.0,89000
RO221,Brăila,2017,92.19,92190
RO221,Brăila,2018,95.59,95590
RO221,Brăila,2019,94.12,94120
RO221,Brăila,2020,89.78,89780
RO221,Brăila,2021,93.2,93200
RO221,Brăila,2022,94.24,94240
RO221,Brăila,2023,93.45,93450
RO222,Buzău,2014,104.21,104210
RO222,Buzău,2015,110.46,110460
RO222,Buzău,2016,108.85,108850
RO222,Buzău,2017,107.64,107640
RO222,Buzău,2018,110.4,110400
RO222,Buzău,2019,112.91,112910
RO222,Buzău,2020,108.93,108930
RO222,Buzău,2021,112.63,112630
RO222,Buzău,2022,115.48,115480
RO222,Buzău,2023,112.44,112440
RO223,Constanţa,2014,209.71,209710
RO223,Constanţa,2015,223.99,223990
RO223,Constanţa,2016,230.66,230660
RO223,Constanţa,2017,232.11,232110
RO223,Constanţa,2018,237.87,237870
RO223,Constanţa,2019,243.58,243580
RO223,Constanţa,2020,234.74,234740
RO223,Constanţa,2021,238.68,238680
RO223,Constanţa,2022,234.88,234880
RO223,Constanţa,2023,232.31,232310
RO224,Galaţi,2014,131.07,131070
RO224,Galaţi,2015,140.81,140810
RO224,Galaţi,2016,146.04,146040
RO224,Galaţi,2017,145.15,145150
RO224,Galaţi,2018,149.13,149130
RO224,Galaţi,2019,153.0,153000
RO224,Galaţi,2020,147.93,147930
RO224,Galaţi,2021,146.86,146860
RO224,Galaţi,2022,145.06,145060
RO224,Galaţi,2023,146.9,146900
RO225,Tulcea,2014,57.24,57240
RO225,Tulcea,2015,59.76,59760
RO225,Tulcea,2016,60.72,60720
RO225,Tulcea,2017,60.67,60670
RO225,Tulcea,2018,63.78,63780
RO225,Tulcea,2019,65.43,65430
RO225,Tulcea,2020,62.97,62970
RO225,Tulcea,2021,65.12,65120
RO225,Tulcea,2022,63.67,63670
RO225,Tulcea,2023,62.71,62710
RO226,Vrancea,2014,66.87,66870
RO226,Vrancea,2015,73.14,73140
RO226,Vrancea,2016,75.82,75820
RO226,Vrancea,2017,73.37,73370
RO226,Vrancea,2018,78.8,78800
RO226,Vrancea,2019,79.16,79160
RO226,Vrancea,2020,77.04,77040
RO226,Vrancea,2021,79.25,79250
RO226,Vrancea,2022,80.59,80590
RO226,Vrancea,2023,79.26,79260
RO311,Argeş,2014,195.54,195540
RO311,Argeş,2015,202.35,202350
RO311,Argeş,2016,212.43,212430
RO311,Argeş,2017,232.02,232020
RO311,Argeş,2018,227.38,227380
RO311,Argeş,2019,226.38,226380
RO311,Argeş,2020,219.34,219340
RO311,Argeş,2021,214.13,214130
RO311,Argeş,2022,214.28,214280
RO311,Argeş,2023,215.77,215770
RO312,Călăraşi,2014,67.04,67040
RO312,Călăraşi,2015,70.44,70440
RO312,Călăraşi,2016,71.4,71400
RO312,Călăraşi,2017,75.07,75070
RO312,Călăraşi,2018,72.72,72720
RO312,Călăraşi,2019,72.86,72860
RO312,Călăraşi,2020,72.27,72270
RO312,Călăraşi,2021,68.41,68410
RO312,Călăraşi,2022,69.36,69360
RO312,Călăraşi,2023,69.69,69690
RO313,Dâmboviţa,2014,108.04,108040
RO313,Dâmboviţa,2015,108.18,108180
RO313,Dâmboviţa,2016,111.63,111630
RO313,Dâmboviţa,2017,120.54,120540
RO313,Dâmboviţa,2018,120.52,120520
RO313,Dâmboviţa,2019,122.69,122690
RO313,Dâmboviţa,2020,120.94,120940
RO313,Dâmboviţa,2021,122.83,122830
RO313,Dâmboviţa,2022,120.63,120630
RO313,Dâmboviţa,2023,120.33,120330
RO314,Giurgiu,2014,50.91,50910
RO314,Giurgiu,2015,51.68,51680
RO314,Giurgiu,2016,53.18,53180
RO314,Giurgiu,2017,57.14,57140
RO314,Giurgiu,2018,56.24,56240
RO314,Giurgiu,2019,55.0,55000
RO314,Giurgiu,2020,55.81,55810
RO314,Giurgiu,2021,53.2,53200
RO314,Giurgiu,2022,54.47,54470
RO314,Giurgiu,2023,56.18,56180
RO315,Ialomiţa,2014,71.06,71060
RO315,Ialomiţa,2015,73.66,73660
RO315,Ialomiţa,2016,74.9,74900
RO315,Ialomiţa,2017,78.37,78370
RO315,Ialomiţa,2018,75.39,75390
RO315,Ialomiţa,2019,74.84,74840
RO315,Ialomiţa,2020,77.23,77230
RO315,Ialomiţa,2021,69.23,69230
RO315,Ialomiţa,2022,70.0,70000
RO315,Ialomiţa,2023,69.95,69950
RO316,Prahova,2014,242.21,242210
RO316,Prahova,2015,245.27,245270
RO316,Prahova,2016,248.7,248700
RO316,Prahova,2017,264.24,264240
RO316,Prahova,2018,262.75,262750
RO316,Prahova,2019,258.47,258470
RO316,Prahova,2020,255.52,255520
RO316,Prahova,2021,254.39,254390
RO316,Prahova,2022,252.25,252250
RO316,Prahova,2023,253.1,253100
RO317,Teleorman,2014,86.66,86660
RO317,Teleorman,2015,83.97,83970
RO317,Teleorman,2016,84.69,84690
RO317,Teleorman,2017,88.25,88250
RO317,Teleorman,2018,85.98,85980
RO317,Teleorman,2019,84.39,84390
RO317,Teleorman,2020,84.19,84190
RO317,Teleorman,2021,79.08,79080
RO317,Teleorman,2022,77.1,77100
RO317,Teleorman,2023,75.44,75440
RO321,Bucureşti,2014,942.56,942560
RO321,Bucureşti,2015,967.26,967260
RO321,Bucureşti,2016,984.19,984190
RO321,Bucureşti,2017,989.94,989940
RO321,Bucureşti,2018,1018.16,1018160
RO321,Bucureşti,2019,1042.12,1042120
RO321,Bucureşti,2020,1034.43,1034430
RO321,Bucureşti,2021,1034.18,1034180
RO321,Bucureşti,2022,1066.6,1066600
RO321,Bucureşti,2023,1043.68,1043680
RO322,Ilfov,2014,129.46,129460
RO322,Ilfov,2015,136.28,136280
RO322,Ilfov,2016,142.84,142840
RO322,Ilfov,2017,147.4,147400
RO322,Ilfov,2018,155.59,155590
RO322,Ilfov,2019,157.66,157660
RO322,Ilfov,2020,162.96,162960
RO322,Ilfov,2021,170.41,170410
RO322,Ilfov,2022,180.39,180390
RO322,Ilfov,2023,179.76,179760
RO411,Dolj,2014,153.58,153580
RO411,Dolj,2015,153.16,153160
RO411,Dolj,2016,161.28,161280
RO411,Dolj,2017,174.04,174040
RO411,Dolj,2018,175.3,175300
RO411,Dolj,2019,188.42,188420
RO411,Dolj,2020,185.35,185350
RO411,Dolj,2021,174.13,174130
RO411,Dolj,2022,175.58,175580
RO411,Dolj,2023,181.52,181520
RO412,Gorj,2014,91.7,91700
RO412,Gorj,2015,94.82,94820
RO412,Gorj,2016,100.02,100020
RO412,Gorj,2017,106.34,106340
RO412,Gorj,2018,105.2,105200
RO412,Gorj,2019,106.52,106520
RO412,Gorj,2020,106.02,106020
RO412,Gorj,2021,103.28,103280
RO412,Gorj,2022,106.16,106160
RO412,Gorj,2023,105.91,105910
RO413,Mehedinţi,2014,55.67,55670
RO413,Mehedinţi,2015,55.37,55370
RO413,Mehedinţi,2016,59.32,59320
RO413,Mehedinţi,2017,62.32,62320
RO413,Mehedinţi,2018,60.67,60670
RO413,Mehedinţi,2019,65.42,65420
RO413,Mehedinţi,2020,62.58,62580
RO413,Mehedinţi,2021,59.3,59300
RO413,Mehedinţi,2022,59.67,59670
RO413,Mehedinţi,2023,61.11,61110
RO414,Olt,2014,81.53,81530
RO414,Olt,2015,81.29,81290
RO414,Olt,2016,90.58,90580
RO414,Olt,2017,96.22,96220
RO414,Olt,2018,96.11,96110
RO414,Olt,2019,102.2,102200
RO414,Olt,2020,98.83,98830
RO414,Olt,2021,91.91,91910
RO414,Olt,2022,93.4,93400
RO414,Olt,2023,96.58,96580
RO415,Vâlcea,2014,93.27,93270
RO415,Vâlcea,2015,94.54,94540
RO415,Vâlcea,2016,99.54,99540
RO415,Vâlcea,2017,107.73,107730
RO415,Vâlcea,2018,106.95,106950
RO415,Vâlcea,2019,111.39,111390
RO415,Vâlcea,2020,108.24,108240
RO415,Vâlcea,2021,105.76,105760
RO415,Vâlcea,2022,104.21,104210
RO415,Vâlcea,2023,107.93,107930
RO421,Arad,2014,157.13,157130
RO421,Arad,2015,160.19,160190
RO421,Arad,2016,160.48,160480
RO421,Arad,2017,166.43,166430
RO421,Arad,2018,169.39,169390
RO421,Arad,2019,170.06,170060
RO421,Arad,2020,160.85,160850
RO421,Arad,2021,155.05,155050
RO421,Arad,2022,160.7,160700
RO421,Arad,2023,154.4,154400
RO422,Caraş-Severin,2014,62.16,62160
RO422,Caraş-Severin,2015,67.8,67800
RO422,Caraş-Severin,2016,65.63,65630
RO422,Caraş-Severin,2017,66.07,66070
RO422,Caraş-Severin,2018,64.91,64910
RO422,Caraş-Severin,2019,63.23,63230
RO422,Caraş-Severin,2020,62.27,62270
RO422,Caraş-Severin,2021,61.47,61470
RO422,Caraş-Severin,2022,62.71,62710
RO422,Caraş-Severin,2023,60.14,60140
RO423,Hunedoara,2014,134.65,134650
RO423,Hunedoara,2015,140.73,140730
RO423,Hunedoara,2016,137.88,137880
RO423,Hunedoara,2017,134.12,134120
RO423,Hunedoara,2018,134.42,134420
RO423,Hunedoara,2019,132.68,132680
RO423,Hunedoara,2020,132.21,132210
RO423,Hunedoara,2021,127.92,127920
RO423,Hunedoara,2022,126.42,126420
RO423,Hunedoara,2023,117.04,117040
RO424,Timiş,2014,262.05,262050
RO424,Timiş,2015,279.26,279260
RO424,Timiş,2016,276.8,276800
RO424,Timiş,2017,282.44,282440
RO424,Timiş,2018,293.21,293210
RO424,Timiş,2019,293.87,293870
RO424,Timiş,2020,287.74,287740
RO424,Timiş,2021,290.13,290130
RO424,Timiş,2022,296.1,296100
RO424,Timiş,2023,282.95,282950
