county_code,county_abbr,school_year,analysis_year,education_level,enrolled_students
RO111,BH,2015-2016,2015,Gimnazial,22786
RO111,BH,2015-2016,2015,Liceal,19743
RO111,BH,2015-2016,2015,Postliceal,2533
RO111,BH,2015-2016,2015,Preșcolar,18075
RO111,BH,2015-2016,2015,Primar,28280
RO111,BH,2015-2016,2015,Profesional,2294
RO112,BN,2015-2016,2015,Gimnazial,12749
RO112,BN,2015-2016,2015,Liceal,10002
RO112,BN,2015-2016,2015,Postliceal,944
RO112,BN,2015-2016,2015,Preșcolar,9152
RO112,BN,2015-2016,2015,Primar,14747
RO112,BN,2015-2016,2015,Profesional,1358
RO113,CJ,2015-2016,2015,Gimnazial,21475
RO113,CJ,2015-2016,2015,Liceal,19645
RO113,CJ,2015-2016,2015,Postliceal,3744
RO113,CJ,2015-2016,2015,Preșcolar,19700
RO113,CJ,2015-2016,2015,Primar,28493
RO113,CJ,2015-2016,2015,Profesional,2080
RO114,MM,2015-2016,2015,Gimnazial,18689
RO114,MM,2015-2016,2015,Liceal,16842
RO114,MM,2015-2016,2015,Postliceal,1356
RO114,MM,2015-2016,2015,Preșcolar,13018
RO114,MM,2015-2016,2015,Primar,21211
RO114,MM,2015-2016,2015,Profesional,1801
RO115,SM,2015-2016,2015,Gimnazial,13933
RO115,SM,2015-2016,2015,Liceal,9777
RO115,SM,2015-2016,2015,Postliceal,1479
RO115,SM,2015-2016,2015,Preșcolar,10908
RO115,SM,2015-2016,2015,Primar,16269
RO115,SM,2015-2016,2015,Profesional,1545
RO116,SJ,2015-2016,2015,Gimnazial,9374
RO116,SJ,2015-2016,2015,Liceal,7539
RO116,SJ,2015-2016,2015,Postliceal,584
RO116,SJ,2015-2016,2015,Preșcolar,7687
RO116,SJ,2015-2016,2015,Primar,11101
RO116,SJ,2015-2016,2015,Profesional,1013
RO121,AB,2015-2016,2015,Antepreşcolar,42
RO121,AB,2015-2016,2015,Gimnazial,12580
RO121,AB,2015-2016,2015,Liceal,12328
RO121,AB,2015-2016,2015,Postliceal,973
RO121,AB,2015-2016,2015,Preșcolar,9301
RO121,AB,2015-2016,2015,Primar,15101
RO121,AB,2015-2016,2015,Profesional,1510
RO122,BV,2015-2016,2015,Gimnazial,19336
RO122,BV,2015-2016,2015,Liceal,14410
RO122,BV,2015-2016,2015,Postliceal,1033
RO122,BV,2015-2016,2015,Preșcolar,15707
RO122,BV,2015-2016,2015,Primar,27073
RO122,BV,2015-2016,2015,Profesional,2401
RO123,CV,2015-2016,2015,Antepreşcolar,33
RO123,CV,2015-2016,2015,Gimnazial,8408
RO123,CV,2015-2016,2015,Liceal,5425
RO123,CV,2015-2016,2015,Postliceal,435
RO123,CV,2015-2016,2015,Preșcolar,6929
RO123,CV,2015-2016,2015,Primar,11190
RO123,CV,2015-2016,2015,Profesional,1172
RO124,HR,2015-2016,2015,Antepreşcolar,48
RO124,HR,2015-2016,2015,Gimnazial,12492
RO124,HR,2015-2016,2015,Liceal,9712
RO124,HR,2015-2016,2015,Postliceal,783
RO124,HR,2015-2016,2015,Preșcolar,10309
RO124,HR,2015-2016,2015,Primar,16323
RO124,HR,2015-2016,2015,Profesional,1662
RO125,MS,2015-2016,2015,Gimnazial,21576
RO125,MS,2015-2016,2015,Liceal,15646
RO125,MS,2015-2016,2015,Postliceal,2426
RO125,MS,2015-2016,2015,Preșcolar,16748
RO125,MS,2015-2016,2015,Primar,27663
RO125,MS,2015-2016,2015,Profesional,1949
RO126,SB,2015-2016,2015,Antepreşcolar,62
RO126,SB,2015-2016,2015,Gimnazial,15333
RO126,SB,2015-2016,2015,Liceal,11192
RO126,SB,2015-2016,2015,Postliceal,920
RO126,SB,2015-2016,2015,Preșcolar,12509
RO126,SB,2015-2016,2015,Primar,20033
RO126,SB,2015-2016,2015,Profesional,1949
RO211,BC,2015-2016,2015,Gimnazial,26334
RO211,BC,2015-2016,2015,Liceal,19335
RO211,BC,2015-2016,2015,Postliceal,1512
RO211,BC,2015-2016,2015,Preșcolar,16632
RO211,BC,2015-2016,2015,Primar,30410
RO211,BC,2015-2016,2015,Profesional,2840
RO212,BT,2015-2016,2015,Gimnazial,20090
RO212,BT,2015-2016,2015,Liceal,13893
RO212,BT,2015-2016,2015,Postliceal,1138
RO212,BT,2015-2016,2015,Preșcolar,11629
RO212,BT,2015-2016,2015,Primar,21307
RO212,BT,2015-2016,2015,Profesional,2057
RO213,IS,2015-2016,2015,Antepreşcolar,0
RO213,IS,2015-2016,2015,Gimnazial,35463
RO213,IS,2015-2016,2015,Liceal,24774
RO213,IS,2015-2016,2015,Postliceal,2592
RO213,IS,2015-2016,2015,Preșcolar,22480
RO213,IS,2015-2016,2015,Primar,42456
RO213,IS,2015-2016,2015,Profesional,5145
RO214,NT,2015-2016,2015,Gimnazial,19501
RO214,NT,2015-2016,2015,Liceal,17244
RO214,NT,2015-2016,2015,Postliceal,1713
RO214,NT,2015-2016,2015,Preșcolar,11733
RO214,NT,2015-2016,2015,Primar,22206
RO214,NT,2015-2016,2015,Profesional,2088
RO215,SV,2015-2016,2015,Gimnazial,30975
RO215,SV,2015-2016,2015,Liceal,25711
RO215,SV,2015-2016,2015,Postliceal,3208
RO215,SV,2015-2016,2015,Preșcolar,20203
RO215,SV,2015-2016,2015,Primar,34520
RO215,SV,2015-2016,2015,Profesional,3319
RO216,VS,2015-2016,2015,Gimnazial,19032
RO216,VS,2015-2016,2015,Liceal,14298
RO216,VS,2015-2016,2015,Postliceal,202
RO216,VS,2015-2016,2015,Preșcolar,11551
RO216,VS,2015-2016,2015,Primar,21667
RO216,VS,2015-2016,2015,Profesional,2173
RO221,BR,2015-2016,2015,Gimnazial,11851
RO221,BR,2015-2016,2015,Liceal,9474
RO221,BR,2015-2016,2015,Postliceal,1723
RO221,BR,2015-2016,2015,Preșcolar,7976
RO221,BR,2015-2016,2015,Primar,13835
RO221,BR,2015-2016,2015,Profesional,1122
RO222,BZ,2015-2016,2015,Gimnazial,17088
RO222,BZ,2015-2016,2015,Liceal,13920
RO222,BZ,2015-2016,2015,Postliceal,1117
RO222,BZ,2015-2016,2015,Preșcolar,11621
RO222,BZ,2015-2016,2015,Primar,20872
RO222,BZ,2015-2016,2015,Profesional,1481
RO223,CT,2015-2016,2015,Antepreşcolar,19
RO223,CT,2015-2016,2015,Gimnazial,26393
RO223,CT,2015-2016,2015,Liceal,23894
RO223,CT,2015-2016,2015,Postliceal,3447
RO223,CT,2015-2016,2015,Preșcolar,18655
RO223,CT,2015-2016,2015,Primar,34135
RO223,CT,2015-2016,2015,Profesional,1563
RO224,GL,2015-2016,2015,Antepreşcolar,0
RO224,GL,2015-2016,2015,Gimnazial,20905
RO224,GL,2015-2016,2015,Liceal,18004
RO224,GL,2015-2016,2015,Postliceal,2225
RO224,GL,2015-2016,2015,Preșcolar,11900
RO224,GL,2015-2016,2015,Primar,24668
RO224,GL,2015-2016,2015,Profesional,2053
RO225,TL,2015-2016,2015,Gimnazial,8377
RO225,TL,2015-2016,2015,Liceal,6009
RO225,TL,2015-2016,2015,Postliceal,266
RO225,TL,2015-2016,2015,Preșcolar,5324
RO225,TL,2015-2016,2015,Primar,9657
RO225,TL,2015-2016,2015,Profesional,684
RO226,VN,2015-2016,2015,Gimnazial,13343
RO226,VN,2015-2016,2015,Liceal,10453
RO226,VN,2015-2016,2015,Postliceal,906
RO226,VN,2015-2016,2015,Preșcolar,8790
RO226,VN,2015-2016,2015,Primar,16126
RO226,VN,2015-2016,2015,Profesional,606
RO311,AG,2015-2016,2015,Gimnazial,22891
RO311,AG,2015-2016,2015,Liceal,21222
RO311,AG,2015-2016,2015,Postliceal,623
RO311,AG,2015-2016,2015,Preșcolar,16366
RO311,AG,2015-2016,2015,Primar,26709
RO311,AG,2015-2016,2015,Profesional,1647
RO312,CL,2015-2016,2015,Gimnazial,11908
RO312,CL,2015-2016,2015,Liceal,7722
RO312,CL,2015-2016,2015,Postliceal,618
RO312,CL,2015-2016,2015,Preșcolar,7514
RO312,CL,2015-2016,2015,Primar,14500
RO312,CL,2015-2016,2015,Profesional,852
RO313,DB,2015-2016,2015,Gimnazial,19638
RO313,DB,2015-2016,2015,Liceal,15150
RO313,DB,2015-2016,2015,Postliceal,1297
RO313,DB,2015-2016,2015,Preșcolar,12054
RO313,DB,2015-2016,2015,Primar,22373
RO313,DB,2015-2016,2015,Profesional,1219
RO314,GR,2015-2016,2015,Gimnazial,10453
RO314,GR,2015-2016,2015,Liceal,6151
RO314,GR,2015-2016,2015,Postliceal,238
RO314,GR,2015-2016,2015,Preșcolar,5473
RO314,GR,2015-2016,2015,Primar,12194
RO314,GR,2015-2016,2015,Profesional,250
RO315,IL,2015-2016,2015,Gimnazial,10093
RO315,IL,2015-2016,2015,Liceal,7927
RO315,IL,2015-2016,2015,Postliceal,429
RO315,IL,2015-2016,2015,Preșcolar,6751
RO315,IL,2015-2016,2015,Primar,12755
RO315,IL,2015-2016,2015,Profesional,1179
RO316,PH,2015-2016,2015,Antepreşcolar,24
RO316,PH,2015-2016,2015,Gimnazial,28131
RO316,PH,2015-2016,2015,Liceal,23444
RO316,PH,2015-2016,2015,Postliceal,3628
RO316,PH,2015-2016,2015,Preșcolar,17345
RO316,PH,2015-2016,2015,Primar,34950
RO316,PH,2015-2016,2015,Profesional,2513
RO317,TR,2015-2016,2015,Gimnazial,12056
RO317,TR,2015-2016,2015,Liceal,12259
RO317,TR,2015-2016,2015,Postliceal,1056
RO317,TR,2015-2016,2015,Preșcolar,7930
RO317,TR,2015-2016,2015,Primar,14008
RO317,TR,2015-2016,2015,Profesional,362
RO321,B,2015-2016,2015,Antepreşcolar,0
RO321,B,2015-2016,2015,Gimnazial,57212
RO321,B,2015-2016,2015,Liceal,63625
RO321,B,2015-2016,2015,Postliceal,6598
RO321,B,2015-2016,2015,Preșcolar,41065
RO321,B,2015-2016,2015,Primar,81942
RO321,B,2015-2016,2015,Profesional,1697
RO322,IF,2015-2016,2015,Gimnazial,12335
RO322,IF,2015-2016,2015,Liceal,6593
RO322,IF,2015-2016,2015,Postliceal,183
RO322,IF,2015-2016,2015,Preșcolar,9035
RO322,IF,2015-2016,2015,Primar,18491
RO322,IF,2015-2016,2015,Profesional,195
RO411,DJ,2015-2016,2015,Gimnazial,22499
RO411,DJ,2015-2016,2015,Liceal,20852
RO411,DJ,2015-2016,2015,Postliceal,5178
RO411,DJ,2015-2016,2015,Preșcolar,16730
RO411,DJ,2015-2016,2015,Primar,26585
RO411,DJ,2015-2016,2015,Profesional,2186
RO412,GJ,2015-2016,2015,Gimnazial,14299
RO412,GJ,2015-2016,2015,Liceal,14543
RO412,GJ,2015-2016,2015,Postliceal,2898
RO412,GJ,2015-2016,2015,Preșcolar,8585
RO412,GJ,2015-2016,2015,Primar,14967
RO412,GJ,2015-2016,2015,Profesional,906
RO413,MH,2015-2016,2015,Gimnazial,9501
RO413,MH,2015-2016,2015,Liceal,9497
RO413,MH,2015-2016,2015,Postliceal,2043
RO413,MH,2015-2016,2015,Preșcolar,6392
RO413,MH,2015-2016,2015,Primar,10554
RO413,MH,2015-2016,2015,Profesional,420
RO414,OT,2015-2016,2015,Gimnazial,15721
RO414,OT,2015-2016,2015,Liceal,15811
RO414,OT,2015-2016,2015,Postliceal,2055
RO414,OT,2015-2016,2015,Preșcolar,10449
RO414,OT,2015-2016,2015,Primar,17363
RO414,OT,2015-2016,2015,Profesional,1450
RO415,VL,2015-2016,2015,Gimnazial,13908
RO415,VL,2015-2016,2015,Liceal,13634
RO415,VL,2015-2016,2015,Postliceal,978
RO415,VL,2015-2016,2015,Preșcolar,8967
RO415,VL,2015-2016,2015,Primar,15134
RO415,VL,2015-2016,2015,Profesional,923
RO421,AR,2015-2016,2015,Gimnazial,15529
RO421,AR,2015-2016,2015,Liceal,13562
RO421,AR,2015-2016,2015,Postliceal,1264
RO421,AR,2015-2016,2015,Preșcolar,11626
RO421,AR,2015-2016,2015,Primar,19232
RO421,AR,2015-2016,2015,Profesional,1346
RO422,CS,2015-2016,2015,Gimnazial,10370
RO422,CS,2015-2016,2015,Liceal,9885
RO422,CS,2015-2016,2015,Postliceal,1293
RO422,CS,2015-2016,2015,Preșcolar,7212
RO422,CS,2015-2016,2015,Primar,11200
RO422,CS,2015-2016,2015,Profesional,668
RO423,HD,2015-2016,2015,Antepreşcolar,45
RO423,HD,2015-2016,2015,Gimnazial,15014
RO423,HD,2015-2016,2015,Liceal,14300
RO423,HD,2015-2016,2015,Postliceal,3658
RO423,HD,2015-2016,2015,Preșcolar,9116
RO423,HD,2015-2016,2015,Primar,16584
RO423,HD,2015-2016,2015,Profesional,1291
RO424,TM,2015-2016,2015,Gimnazial,22627
RO424,TM,2015-2016,2015,Liceal,20788
RO424,TM,2015-2016,2015,Postliceal,1622
RO424,TM,2015-2016,2015,Preșcolar,18141
RO424,TM,2015-2016,2015,Primar,28772
RO424,TM,2015-2016,2015,Profesional,1814
RO111,BH,2016-2017,2016,Antepreşcolar,0
RO111,BH,2016-2017,2016,Gimnazial,23487
RO111,BH,2016-2017,2016,Liceal,19270
RO111,BH,2016-2017,2016,Postliceal,2668
RO111,BH,2016-2017,2016,Preșcolar,17351
RO111,BH,2016-2017,2016,Primar,28003
RO111,BH,2016-2017,2016,Profesional,2866
RO112,BN,2016-2017,2016,Gimnazial,12763
RO112,BN,2016-2017,2016,Liceal,9943
RO112,BN,2016-2017,2016,Postliceal,1085
RO112,BN,2016-2017,2016,Preșcolar,8906
RO112,BN,2016-2017,2016,Primar,14712
RO112,BN,2016-2017,2016,Profesional,1702
RO113,CJ,2016-2017,2016,Gimnazial,22286
RO113,CJ,2016-2017,2016,Liceal,19742
RO113,CJ,2016-2017,2016,Postliceal,3913
RO113,CJ,2016-2017,2016,Preșcolar,19194
RO113,CJ,2016-2017,2016,Primar,29165
RO113,CJ,2016-2017,2016,Profesional,2628
RO114,MM,2016-2017,2016,Gimnazial,18644
RO114,MM,2016-2017,2016,Liceal,16761
RO114,MM,2016-2017,2016,Postliceal,1403
RO114,MM,2016-2017,2016,Preșcolar,12519
RO114,MM,2016-2017,2016,Primar,20900
RO114,MM,2016-2017,2016,Profesional,2465
RO115,SM,2016-2017,2016,Gimnazial,13980
RO115,SM,2016-2017,2016,Liceal,9639
RO115,SM,2016-2017,2016,Postliceal,1685
RO115,SM,2016-2017,2016,Preșcolar,10709
RO115,SM,2016-2017,2016,Primar,16267
RO115,SM,2016-2017,2016,Profesional,2022
RO116,SJ,2016-2017,2016,Gimnazial,9304
RO116,SJ,2016-2017,2016,Liceal,7407
RO116,SJ,2016-2017,2016,Postliceal,564
RO116,SJ,2016-2017,2016,Preșcolar,7539
RO116,SJ,2016-2017,2016,Primar,11065
RO116,SJ,2016-2017,2016,Profesional,1292
RO121,AB,2016-2017,2016,Gimnazial,12852
RO121,AB,2016-2017,2016,Liceal,12274
RO121,AB,2016-2017,2016,Postliceal,906
RO121,AB,2016-2017,2016,Preșcolar,8939
RO121,AB,2016-2017,2016,Primar,14754
RO121,AB,2016-2017,2016,Profesional,1823
RO122,BV,2016-2017,2016,Gimnazial,20119
RO122,BV,2016-2017,2016,Liceal,14342
RO122,BV,2016-2017,2016,Postliceal,1209
RO122,BV,2016-2017,2016,Preșcolar,15517
RO122,BV,2016-2017,2016,Primar,27427
RO122,BV,2016-2017,2016,Profesional,3010
RO123,CV,2016-2017,2016,Antepreşcolar,68
RO123,CV,2016-2017,2016,Gimnazial,8603
RO123,CV,2016-2017,2016,Liceal,5257
RO123,CV,2016-2017,2016,Postliceal,395
RO123,CV,2016-2017,2016,Preșcolar,6685
RO123,CV,2016-2017,2016,Primar,11166
RO123,CV,2016-2017,2016,Profesional,1489
RO124,HR,2016-2017,2016,Antepreşcolar,51
RO124,HR,2016-2017,2016,Gimnazial,12659
RO124,HR,2016-2017,2016,Liceal,9455
RO124,HR,2016-2017,2016,Postliceal,804
RO124,HR,2016-2017,2016,Preșcolar,10215
RO124,HR,2016-2017,2016,Primar,16246
RO124,HR,2016-2017,2016,Profesional,2108
RO125,MS,2016-2017,2016,Gimnazial,22189
RO125,MS,2016-2017,2016,Liceal,15516
RO125,MS,2016-2017,2016,Postliceal,2519
RO125,MS,2016-2017,2016,Preșcolar,16067
RO125,MS,2016-2017,2016,Primar,27535
RO125,MS,2016-2017,2016,Profesional,2765
RO126,SB,2016-2017,2016,Antepreşcolar,36
RO126,SB,2016-2017,2016,Gimnazial,15769
RO126,SB,2016-2017,2016,Liceal,11240
RO126,SB,2016-2017,2016,Postliceal,1151
RO126,SB,2016-2017,2016,Preșcolar,12056
RO126,SB,2016-2017,2016,Primar,20093
RO126,SB,2016-2017,2016,Profesional,2275
RO211,BC,2016-2017,2016,Gimnazial,26344
RO211,BC,2016-2017,2016,Liceal,19149
RO211,BC,2016-2017,2016,Postliceal,1626
RO211,BC,2016-2017,2016,Preșcolar,15961
RO211,BC,2016-2017,2016,Primar,29912
RO211,BC,2016-2017,2016,Profesional,3478
RO212,BT,2016-2017,2016,Gimnazial,19606
RO212,BT,2016-2017,2016,Liceal,14213
RO212,BT,2016-2017,2016,Postliceal,1240
RO212,BT,2016-2017,2016,Preșcolar,11199
RO212,BT,2016-2017,2016,Primar,20571
RO212,BT,2016-2017,2016,Profesional,2536
RO213,IS,2016-2017,2016,Antepreşcolar,17
RO213,IS,2016-2017,2016,Gimnazial,34984
RO213,IS,2016-2017,2016,Liceal,24851
RO213,IS,2016-2017,2016,Postliceal,3060
RO213,IS,2016-2017,2016,Preșcolar,21816
RO213,IS,2016-2017,2016,Primar,42498
RO213,IS,2016-2017,2016,Profesional,6697
RO214,NT,2016-2017,2016,Gimnazial,19276
RO214,NT,2016-2017,2016,Liceal,16965
RO214,NT,2016-2017,2016,Postliceal,1665
RO214,NT,2016-2017,2016,Preșcolar,11408
RO214,NT,2016-2017,2016,Primar,21831
RO214,NT,2016-2017,2016,Profesional,2550
RO215,SV,2016-2017,2016,Gimnazial,30361
RO215,SV,2016-2017,2016,Liceal,25928
RO215,SV,2016-2017,2016,Postliceal,3107
RO215,SV,2016-2017,2016,Preșcolar,19803
RO215,SV,2016-2017,2016,Primar,34348
RO215,SV,2016-2017,2016,Profesional,3721
RO216,VS,2016-2017,2016,Gimnazial,18560
RO216,VS,2016-2017,2016,Liceal,14291
RO216,VS,2016-2017,2016,Postliceal,282
RO216,VS,2016-2017,2016,Preșcolar,11004
RO216,VS,2016-2017,2016,Primar,21043
RO216,VS,2016-2017,2016,Profesional,2755
RO221,BR,2016-2017,2016,Gimnazial,12047
RO221,BR,2016-2017,2016,Liceal,9413
RO221,BR,2016-2017,2016,Postliceal,1623
RO221,BR,2016-2017,2016,Preșcolar,7365
RO221,BR,2016-2017,2016,Primar,13604
RO221,BR,2016-2017,2016,Profesional,1518
RO222,BZ,2016-2017,2016,Gimnazial,17193
RO222,BZ,2016-2017,2016,Liceal,13944
RO222,BZ,2016-2017,2016,Postliceal,1549
RO222,BZ,2016-2017,2016,Preșcolar,10995
RO222,BZ,2016-2017,2016,Primar,20548
RO222,BZ,2016-2017,2016,Profesional,1846
RO223,CT,2016-2017,2016,Antepreşcolar,21
RO223,CT,2016-2017,2016,Gimnazial,26797
RO223,CT,2016-2017,2016,Liceal,23866
RO223,CT,2016-2017,2016,Postliceal,4412
RO223,CT,2016-2017,2016,Preșcolar,18040
RO223,CT,2016-2017,2016,Primar,34701
RO223,CT,2016-2017,2016,Profesional,2049
RO224,GL,2016-2017,2016,Antepreşcolar,42
RO224,GL,2016-2017,2016,Gimnazial,20940
RO224,GL,2016-2017,2016,Liceal,18115
RO224,GL,2016-2017,2016,Postliceal,2965
RO224,GL,2016-2017,2016,Preșcolar,12041
RO224,GL,2016-2017,2016,Primar,24750
RO224,GL,2016-2017,2016,Profesional,2483
RO225,TL,2016-2017,2016,Gimnazial,8274
RO225,TL,2016-2017,2016,Liceal,5975
RO225,TL,2016-2017,2016,Postliceal,215
RO225,TL,2016-2017,2016,Preșcolar,5305
RO225,TL,2016-2017,2016,Primar,9506
RO225,TL,2016-2017,2016,Profesional,872
RO226,VN,2016-2017,2016,Gimnazial,13450
RO226,VN,2016-2017,2016,Liceal,10569
RO226,VN,2016-2017,2016,Postliceal,994
RO226,VN,2016-2017,2016,Preșcolar,8236
RO226,VN,2016-2017,2016,Primar,15830
RO226,VN,2016-2017,2016,Profesional,883
RO311,AG,2016-2017,2016,Gimnazial,23026
RO311,AG,2016-2017,2016,Liceal,21515
RO311,AG,2016-2017,2016,Postliceal,1020
RO311,AG,2016-2017,2016,Preșcolar,15612
RO311,AG,2016-2017,2016,Primar,26515
RO311,AG,2016-2017,2016,Profesional,1911
RO312,CL,2016-2017,2016,Gimnazial,11905
RO312,CL,2016-2017,2016,Liceal,7680
RO312,CL,2016-2017,2016,Postliceal,624
RO312,CL,2016-2017,2016,Preșcolar,6935
RO312,CL,2016-2017,2016,Primar,14637
RO312,CL,2016-2017,2016,Profesional,1051
RO313,DB,2016-2017,2016,Gimnazial,19382
RO313,DB,2016-2017,2016,Liceal,15130
RO313,DB,2016-2017,2016,Postliceal,1423
RO313,DB,2016-2017,2016,Preșcolar,11745
RO313,DB,2016-2017,2016,Primar,22345
RO313,DB,2016-2017,2016,Profesional,1566
RO314,GR,2016-2017,2016,Gimnazial,10358
RO314,GR,2016-2017,2016,Liceal,6048
RO314,GR,2016-2017,2016,Postliceal,248
RO314,GR,2016-2017,2016,Preșcolar,5414
RO314,GR,2016-2017,2016,Primar,12398
RO314,GR,2016-2017,2016,Profesional,394
RO315,IL,2016-2017,2016,Gimnazial,9941
RO315,IL,2016-2017,2016,Liceal,7971
RO315,IL,2016-2017,2016,Postliceal,465
RO315,IL,2016-2017,2016,Preșcolar,6392
RO315,IL,2016-2017,2016,Primar,12904
RO315,IL,2016-2017,2016,Profesional,1248
RO316,PH,2016-2017,2016,Antepreşcolar,17
RO316,PH,2016-2017,2016,Gimnazial,28620
RO316,PH,2016-2017,2016,Liceal,23117
RO316,PH,2016-2017,2016,Postliceal,3565
RO316,PH,2016-2017,2016,Preșcolar,16541
RO316,PH,2016-2017,2016,Primar,34041
RO316,PH,2016-2017,2016,Profesional,3212
RO317,TR,2016-2017,2016,Gimnazial,12023
RO317,TR,2016-2017,2016,Liceal,11877
RO317,TR,2016-2017,2016,Postliceal,1115
RO317,TR,2016-2017,2016,Preșcolar,7647
RO317,TR,2016-2017,2016,Primar,13775
RO317,TR,2016-2017,2016,Profesional,487
RO321,B,2016-2017,2016,Antepreşcolar,10
RO321,B,2016-2017,2016,Gimnazial,60751
RO321,B,2016-2017,2016,Liceal,65723
RO321,B,2016-2017,2016,Postliceal,7542
RO321,B,2016-2017,2016,Preșcolar,41389
RO321,B,2016-2017,2016,Primar,85025
RO321,B,2016-2017,2016,Profesional,2505
RO322,IF,2016-2017,2016,Gimnazial,12898
RO322,IF,2016-2017,2016,Liceal,6550
RO322,IF,2016-2017,2016,Postliceal,213
RO322,IF,2016-2017,2016,Preșcolar,9815
RO322,IF,2016-2017,2016,Primar,19056
RO322,IF,2016-2017,2016,Profesional,353
RO411,DJ,2016-2017,2016,Gimnazial,22336
RO411,DJ,2016-2017,2016,Liceal,20907
RO411,DJ,2016-2017,2016,Postliceal,5704
RO411,DJ,2016-2017,2016,Preșcolar,16038
RO411,DJ,2016-2017,2016,Primar,26685
RO411,DJ,2016-2017,2016,Profesional,2782
RO412,GJ,2016-2017,2016,Gimnazial,14220
RO412,GJ,2016-2017,2016,Liceal,13987
RO412,GJ,2016-2017,2016,Postliceal,2825
RO412,GJ,2016-2017,2016,Preșcolar,8134
RO412,GJ,2016-2017,2016,Primar,14248
RO412,GJ,2016-2017,2016,Profesional,1185
RO413,MH,2016-2017,2016,Gimnazial,9433
RO413,MH,2016-2017,2016,Liceal,9523
RO413,MH,2016-2017,2016,Postliceal,2325
RO413,MH,2016-2017,2016,Preșcolar,5825
RO413,MH,2016-2017,2016,Primar,10238
RO413,MH,2016-2017,2016,Profesional,658
RO414,OT,2016-2017,2016,Gimnazial,15355
RO414,OT,2016-2017,2016,Liceal,15324
RO414,OT,2016-2017,2016,Postliceal,2072
RO414,OT,2016-2017,2016,Preșcolar,9868
RO414,OT,2016-2017,2016,Primar,17023
RO414,OT,2016-2017,2016,Profesional,1827
RO415,VL,2016-2017,2016,Gimnazial,13690
RO415,VL,2016-2017,2016,Liceal,13380
RO415,VL,2016-2017,2016,Postliceal,1261
RO415,VL,2016-2017,2016,Preșcolar,8553
RO415,VL,2016-2017,2016,Primar,14827
RO415,VL,2016-2017,2016,Profesional,1227
RO421,AR,2016-2017,2016,Gimnazial,15705
RO421,AR,2016-2017,2016,Liceal,13453
RO421,AR,2016-2017,2016,Postliceal,1412
RO421,AR,2016-2017,2016,Preșcolar,11175
RO421,AR,2016-2017,2016,Primar,19052
RO421,AR,2016-2017,2016,Profesional,1586
RO422,CS,2016-2017,2016,Gimnazial,10263
RO422,CS,2016-2017,2016,Liceal,10001
RO422,CS,2016-2017,2016,Postliceal,1456
RO422,CS,2016-2017,2016,Preșcolar,6787
RO422,CS,2016-2017,2016,Primar,11051
RO422,CS,2016-2017,2016,Profesional,809
RO423,HD,2016-2017,2016,Antepreşcolar,70
RO423,HD,2016-2017,2016,Gimnazial,14815
RO423,HD,2016-2017,2016,Liceal,14022
RO423,HD,2016-2017,2016,Postliceal,3713
RO423,HD,2016-2017,2016,Preșcolar,8560
RO423,HD,2016-2017,2016,Primar,16008
RO423,HD,2016-2017,2016,Profesional,1664
RO424,TM,2016-2017,2016,Gimnazial,23275
RO424,TM,2016-2017,2016,Liceal,20954
RO424,TM,2016-2017,2016,Postliceal,1514
RO424,TM,2016-2017,2016,Preșcolar,17850
RO424,TM,2016-2017,2016,Primar,29160
RO424,TM,2016-2017,2016,Profesional,2254
RO111,BH,2017-2018,2017,Antepreşcolar,0
RO111,BH,2017-2018,2017,Gimnazial,21377
RO111,BH,2017-2018,2017,Liceal,18189
RO111,BH,2017-2018,2017,Postliceal,2469
RO111,BH,2017-2018,2017,Preșcolar,17434
RO111,BH,2017-2018,2017,Primar,28398
RO111,BH,2017-2018,2017,Profesional,2782
RO112,BN,2017-2018,2017,Gimnazial,11797
RO112,BN,2017-2018,2017,Liceal,9325
RO112,BN,2017-2018,2017,Postliceal,1099
RO112,BN,2017-2018,2017,Preșcolar,8916
RO112,BN,2017-2018,2017,Primar,15004
RO112,BN,2017-2018,2017,Profesional,1723
RO113,CJ,2017-2018,2017,Gimnazial,21203
RO113,CJ,2017-2018,2017,Liceal,19029
RO113,CJ,2017-2018,2017,Postliceal,3883
RO113,CJ,2017-2018,2017,Preșcolar,20070
RO113,CJ,2017-2018,2017,Primar,30265
RO113,CJ,2017-2018,2017,Profesional,2734
RO114,MM,2017-2018,2017,Gimnazial,17008
RO114,MM,2017-2018,2017,Liceal,15984
RO114,MM,2017-2018,2017,Postliceal,1326
RO114,MM,2017-2018,2017,Preșcolar,12800
RO114,MM,2017-2018,2017,Primar,21235
RO114,MM,2017-2018,2017,Profesional,2390
RO115,SM,2017-2018,2017,Gimnazial,12521
RO115,SM,2017-2018,2017,Liceal,9143
RO115,SM,2017-2018,2017,Postliceal,1658
RO115,SM,2017-2018,2017,Preșcolar,10663
RO115,SM,2017-2018,2017,Primar,16431
RO115,SM,2017-2018,2017,Profesional,2041
RO116,SJ,2017-2018,2017,Gimnazial,8414
RO116,SJ,2017-2018,2017,Liceal,6992
RO116,SJ,2017-2018,2017,Postliceal,574
RO116,SJ,2017-2018,2017,Preșcolar,7569
RO116,SJ,2017-2018,2017,Primar,11212
RO116,SJ,2017-2018,2017,Profesional,1110
RO121,AB,2017-2018,2017,Gimnazial,12030
RO121,AB,2017-2018,2017,Liceal,11637
RO121,AB,2017-2018,2017,Postliceal,1444
RO121,AB,2017-2018,2017,Preșcolar,9038
RO121,AB,2017-2018,2017,Primar,14854
RO121,AB,2017-2018,2017,Profesional,1681
RO122,BV,2017-2018,2017,Gimnazial,19090
RO122,BV,2017-2018,2017,Liceal,13972
RO122,BV,2017-2018,2017,Postliceal,1114
RO122,BV,2017-2018,2017,Preșcolar,15787
RO122,BV,2017-2018,2017,Primar,27979
RO122,BV,2017-2018,2017,Profesional,3067
RO123,CV,2017-2018,2017,Antepreşcolar,176
RO123,CV,2017-2018,2017,Gimnazial,7965
RO123,CV,2017-2018,2017,Liceal,5022
RO123,CV,2017-2018,2017,Postliceal,341
RO123,CV,2017-2018,2017,Preșcolar,6705
RO123,CV,2017-2018,2017,Primar,10826
RO123,CV,2017-2018,2017,Profesional,1457
RO124,HR,2017-2018,2017,Antepreşcolar,113
RO124,HR,2017-2018,2017,Gimnazial,12188
RO124,HR,2017-2018,2017,Liceal,8886
RO124,HR,2017-2018,2017,Postliceal,694
RO124,HR,2017-2018,2017,Preșcolar,10228
RO124,HR,2017-2018,2017,Primar,16056
RO124,HR,2017-2018,2017,Profesional,2073
RO125,MS,2017-2018,2017,Gimnazial,20337
RO125,MS,2017-2018,2017,Liceal,14707
RO125,MS,2017-2018,2017,Postliceal,2476
RO125,MS,2017-2018,2017,Preșcolar,16304
RO125,MS,2017-2018,2017,Primar,27535
RO125,MS,2017-2018,2017,Profesional,2480
RO126,SB,2017-2018,2017,Antepreşcolar,470
RO126,SB,2017-2018,2017,Gimnazial,14648
RO126,SB,2017-2018,2017,Liceal,10770
RO126,SB,2017-2018,2017,Postliceal,1299
RO126,SB,2017-2018,2017,Preșcolar,12807
RO126,SB,2017-2018,2017,Primar,20488
RO126,SB,2017-2018,2017,Profesional,2049
RO211,BC,2017-2018,2017,Gimnazial,24036
RO211,BC,2017-2018,2017,Liceal,18307
RO211,BC,2017-2018,2017,Postliceal,1844
RO211,BC,2017-2018,2017,Preșcolar,16332
RO211,BC,2017-2018,2017,Primar,30126
RO211,BC,2017-2018,2017,Profesional,3479
RO212,BT,2017-2018,2017,Gimnazial,17762
RO212,BT,2017-2018,2017,Liceal,13634
RO212,BT,2017-2018,2017,Postliceal,1159
RO212,BT,2017-2018,2017,Preșcolar,11507
RO212,BT,2017-2018,2017,Primar,20405
RO212,BT,2017-2018,2017,Profesional,2577
RO213,IS,2017-2018,2017,Antepreşcolar,28
RO213,IS,2017-2018,2017,Gimnazial,32150
RO213,IS,2017-2018,2017,Liceal,23839
RO213,IS,2017-2018,2017,Postliceal,3628
RO213,IS,2017-2018,2017,Preșcolar,22099
RO213,IS,2017-2018,2017,Primar,42431
RO213,IS,2017-2018,2017,Profesional,6117
RO214,NT,2017-2018,2017,Gimnazial,17925
RO214,NT,2017-2018,2017,Liceal,16133
RO214,NT,2017-2018,2017,Postliceal,1554
RO214,NT,2017-2018,2017,Preșcolar,11579
RO214,NT,2017-2018,2017,Primar,21833
RO214,NT,2017-2018,2017,Profesional,2383
RO215,SV,2017-2018,2017,Gimnazial,27874
RO215,SV,2017-2018,2017,Liceal,25191
RO215,SV,2017-2018,2017,Postliceal,3116
RO215,SV,2017-2018,2017,Preșcolar,20079
RO215,SV,2017-2018,2017,Primar,35349
RO215,SV,2017-2018,2017,Profesional,3903
RO216,VS,2017-2018,2017,Gimnazial,16945
RO216,VS,2017-2018,2017,Liceal,13247
RO216,VS,2017-2018,2017,Postliceal,512
RO216,VS,2017-2018,2017,Preșcolar,11136
RO216,VS,2017-2018,2017,Primar,20587
RO216,VS,2017-2018,2017,Profesional,2645
RO221,BR,2017-2018,2017,Gimnazial,11160
RO221,BR,2017-2018,2017,Liceal,8814
RO221,BR,2017-2018,2017,Postliceal,1288
RO221,BR,2017-2018,2017,Preșcolar,7255
RO221,BR,2017-2018,2017,Primar,13498
RO221,BR,2017-2018,2017,Profesional,1705
RO222,BZ,2017-2018,2017,Gimnazial,15855
RO222,BZ,2017-2018,2017,Liceal,13136
RO222,BZ,2017-2018,2017,Postliceal,1673
RO222,BZ,2017-2018,2017,Preșcolar,10832
RO222,BZ,2017-2018,2017,Primar,20324
RO222,BZ,2017-2018,2017,Profesional,1870
RO223,CT,2017-2018,2017,Antepreşcolar,23
RO223,CT,2017-2018,2017,Gimnazial,25049
RO223,CT,2017-2018,2017,Liceal,22445
RO223,CT,2017-2018,2017,Postliceal,4088
RO223,CT,2017-2018,2017,Preșcolar,18635
RO223,CT,2017-2018,2017,Primar,34907
RO223,CT,2017-2018,2017,Profesional,2108
RO224,GL,2017-2018,2017,Antepreşcolar,77
RO224,GL,2017-2018,2017,Gimnazial,19523
RO224,GL,2017-2018,2017,Liceal,17548
RO224,GL,2017-2018,2017,Postliceal,3109
RO224,GL,2017-2018,2017,Preșcolar,12260
RO224,GL,2017-2018,2017,Primar,24019
RO224,GL,2017-2018,2017,Profesional,2242
RO225,TL,2017-2018,2017,Gimnazial,7460
RO225,TL,2017-2018,2017,Liceal,5867
RO225,TL,2017-2018,2017,Postliceal,284
RO225,TL,2017-2018,2017,Preșcolar,5353
RO225,TL,2017-2018,2017,Primar,9696
RO225,TL,2017-2018,2017,Profesional,874
RO226,VN,2017-2018,2017,Gimnazial,12269
RO226,VN,2017-2018,2017,Liceal,10252
RO226,VN,2017-2018,2017,Postliceal,1207
RO226,VN,2017-2018,2017,Preșcolar,8589
RO226,VN,2017-2018,2017,Primar,16053
RO226,VN,2017-2018,2017,Profesional,967
RO311,AG,2017-2018,2017,Gimnazial,21637
RO311,AG,2017-2018,2017,Liceal,20877
RO311,AG,2017-2018,2017,Postliceal,1664
RO311,AG,2017-2018,2017,Preșcolar,16388
RO311,AG,2017-2018,2017,Primar,26959
RO311,AG,2017-2018,2017,Profesional,1896
RO312,CL,2017-2018,2017,Gimnazial,10755
RO312,CL,2017-2018,2017,Liceal,6877
RO312,CL,2017-2018,2017,Postliceal,622
RO312,CL,2017-2018,2017,Preșcolar,7091
RO312,CL,2017-2018,2017,Primar,14474
RO312,CL,2017-2018,2017,Profesional,1159
RO313,DB,2017-2018,2017,Gimnazial,17715
RO313,DB,2017-2018,2017,Liceal,14104
RO313,DB,2017-2018,2017,Postliceal,1299
RO313,DB,2017-2018,2017,Preșcolar,11620
RO313,DB,2017-2018,2017,Primar,22460
RO313,DB,2017-2018,2017,Profesional,1491
RO314,GR,2017-2018,2017,Gimnazial,9210
RO314,GR,2017-2018,2017,Liceal,5267
RO314,GR,2017-2018,2017,Postliceal,461
RO314,GR,2017-2018,2017,Preșcolar,5639
RO314,GR,2017-2018,2017,Primar,12465
RO314,GR,2017-2018,2017,Profesional,338
RO315,IL,2017-2018,2017,Gimnazial,8958
RO315,IL,2017-2018,2017,Liceal,7537
RO315,IL,2017-2018,2017,Postliceal,445
RO315,IL,2017-2018,2017,Preșcolar,6435
RO315,IL,2017-2018,2017,Primar,12392
RO315,IL,2017-2018,2017,Profesional,1061
RO316,PH,2017-2018,2017,Gimnazial,26701
RO316,PH,2017-2018,2017,Liceal,22010
RO316,PH,2017-2018,2017,Postliceal,3314
RO316,PH,2017-2018,2017,Preșcolar,16557
RO316,PH,2017-2018,2017,Primar,33667
RO316,PH,2017-2018,2017,Profesional,3159
RO317,TR,2017-2018,2017,Gimnazial,10712
RO317,TR,2017-2018,2017,Liceal,10153
RO317,TR,2017-2018,2017,Postliceal,1103
RO317,TR,2017-2018,2017,Preșcolar,7424
RO317,TR,2017-2018,2017,Primar,13351
RO317,TR,2017-2018,2017,Profesional,457
RO321,B,2017-2018,2017,Antepreşcolar,37
RO321,B,2017-2018,2017,Gimnazial,59104
RO321,B,2017-2018,2017,Liceal,64246
RO321,B,2017-2018,2017,Postliceal,9089
RO321,B,2017-2018,2017,Preșcolar,44611
RO321,B,2017-2018,2017,Primar,88947
RO321,B,2017-2018,2017,Profesional,2327
RO322,IF,2017-2018,2017,Gimnazial,12493
RO322,IF,2017-2018,2017,Liceal,6270
RO322,IF,2017-2018,2017,Postliceal,231
RO322,IF,2017-2018,2017,Preșcolar,10301
RO322,IF,2017-2018,2017,Primar,19999
RO322,IF,2017-2018,2017,Profesional,361
RO411,DJ,2017-2018,2017,Gimnazial,19798
RO411,DJ,2017-2018,2017,Liceal,20012
RO411,DJ,2017-2018,2017,Postliceal,5706
RO411,DJ,2017-2018,2017,Preșcolar,16594
RO411,DJ,2017-2018,2017,Primar,27011
RO411,DJ,2017-2018,2017,Profesional,2549
RO412,GJ,2017-2018,2017,Gimnazial,12754
RO412,GJ,2017-2018,2017,Liceal,13062
RO412,GJ,2017-2018,2017,Postliceal,2754
RO412,GJ,2017-2018,2017,Preșcolar,8090
RO412,GJ,2017-2018,2017,Primar,14315
RO412,GJ,2017-2018,2017,Profesional,1083
RO413,MH,2017-2018,2017,Gimnazial,8402
RO413,MH,2017-2018,2017,Liceal,8830
RO413,MH,2017-2018,2017,Postliceal,2292
RO413,MH,2017-2018,2017,Preșcolar,5809
RO413,MH,2017-2018,2017,Primar,10270
RO413,MH,2017-2018,2017,Profesional,755
RO414,OT,2017-2018,2017,Gimnazial,14063
RO414,OT,2017-2018,2017,Liceal,14245
RO414,OT,2017-2018,2017,Postliceal,2450
RO414,OT,2017-2018,2017,Preșcolar,9879
RO414,OT,2017-2018,2017,Primar,17032
RO414,OT,2017-2018,2017,Profesional,1553
RO415,VL,2017-2018,2017,Gimnazial,12481
RO415,VL,2017-2018,2017,Liceal,12461
RO415,VL,2017-2018,2017,Postliceal,1373
RO415,VL,2017-2018,2017,Preșcolar,8837
RO415,VL,2017-2018,2017,Primar,14929
RO415,VL,2017-2018,2017,Profesional,1256
RO421,AR,2017-2018,2017,Gimnazial,14489
RO421,AR,2017-2018,2017,Liceal,12833
RO421,AR,2017-2018,2017,Postliceal,1387
RO421,AR,2017-2018,2017,Preșcolar,11570
RO421,AR,2017-2018,2017,Primar,19459
RO421,AR,2017-2018,2017,Profesional,1597
RO422,CS,2017-2018,2017,Gimnazial,9185
RO422,CS,2017-2018,2017,Liceal,9124
RO422,CS,2017-2018,2017,Postliceal,1733
RO422,CS,2017-2018,2017,Preșcolar,6750
RO422,CS,2017-2018,2017,Primar,10857
RO422,CS,2017-2018,2017,Profesional,828
RO423,HD,2017-2018,2017,Antepreşcolar,101
RO423,HD,2017-2018,2017,Gimnazial,13701
RO423,HD,2017-2018,2017,Liceal,12975
RO423,HD,2017-2018,2017,Postliceal,3478
RO423,HD,2017-2018,2017,Preșcolar,8712
RO423,HD,2017-2018,2017,Primar,15896
RO423,HD,2017-2018,2017,Profesional,1723
RO424,TM,2017-2018,2017,Gimnazial,21839
RO424,TM,2017-2018,2017,Liceal,20648
RO424,TM,2017-2018,2017,Postliceal,1700
RO424,TM,2017-2018,2017,Preșcolar,18304
RO424,TM,2017-2018,2017,Primar,30093
RO424,TM,2017-2018,2017,Profesional,2251
RO111,BH,2018-2019,2018,Gimnazial,21908
RO111,BH,2018-2019,2018,Liceal,18043
RO111,BH,2018-2019,2018,Postliceal,2334
RO111,BH,2018-2019,2018,Preșcolar,17180
RO111,BH,2018-2019,2018,Primar,28517
RO111,BH,2018-2019,2018,Profesional,2928
RO112,BN,2018-2019,2018,Gimnazial,11597
RO112,BN,2018-2019,2018,Liceal,9413
RO112,BN,2018-2019,2018,Postliceal,1141
RO112,BN,2018-2019,2018,Preșcolar,8444
RO112,BN,2018-2019,2018,Primar,14899
RO112,BN,2018-2019,2018,Profesional,1886
RO113,CJ,2018-2019,2018,Gimnazial,21933
RO113,CJ,2018-2019,2018,Liceal,18915
RO113,CJ,2018-2019,2018,Postliceal,4115
RO113,CJ,2018-2019,2018,Preșcolar,20158
RO113,CJ,2018-2019,2018,Primar,30751
RO113,CJ,2018-2019,2018,Profesional,3012
RO114,MM,2018-2019,2018,Gimnazial,16893
RO114,MM,2018-2019,2018,Liceal,16567
RO114,MM,2018-2019,2018,Postliceal,1748
RO114,MM,2018-2019,2018,Preșcolar,12595
RO114,MM,2018-2019,2018,Primar,20920
RO114,MM,2018-2019,2018,Profesional,2512
RO115,SM,2018-2019,2018,Gimnazial,12744
RO115,SM,2018-2019,2018,Liceal,9262
RO115,SM,2018-2019,2018,Postliceal,1803
RO115,SM,2018-2019,2018,Preșcolar,10556
RO115,SM,2018-2019,2018,Primar,16401
RO115,SM,2018-2019,2018,Profesional,2310
RO116,SJ,2018-2019,2018,Gimnazial,8637
RO116,SJ,2018-2019,2018,Liceal,6959
RO116,SJ,2018-2019,2018,Postliceal,618
RO116,SJ,2018-2019,2018,Preșcolar,7577
RO116,SJ,2018-2019,2018,Primar,11302
RO116,SJ,2018-2019,2018,Profesional,1235
RO121,AB,2018-2019,2018,Gimnazial,12075
RO121,AB,2018-2019,2018,Liceal,11642
RO121,AB,2018-2019,2018,Postliceal,1356
RO121,AB,2018-2019,2018,Preșcolar,8807
RO121,AB,2018-2019,2018,Primar,14773
RO121,AB,2018-2019,2018,Profesional,1766
RO122,BV,2018-2019,2018,Gimnazial,19933
RO122,BV,2018-2019,2018,Liceal,14544
RO122,BV,2018-2019,2018,Postliceal,1074
RO122,BV,2018-2019,2018,Preșcolar,16694
RO122,BV,2018-2019,2018,Primar,28772
RO122,BV,2018-2019,2018,Profesional,3350
RO123,CV,2018-2019,2018,Antepreşcolar,245
RO123,CV,2018-2019,2018,Gimnazial,8332
RO123,CV,2018-2019,2018,Liceal,5013
RO123,CV,2018-2019,2018,Postliceal,371
RO123,CV,2018-2019,2018,Preșcolar,6619
RO123,CV,2018-2019,2018,Primar,11097
RO123,CV,2018-2019,2018,Profesional,1527
RO124,HR,2018-2019,2018,Antepreşcolar,74
RO124,HR,2018-2019,2018,Gimnazial,12580
RO124,HR,2018-2019,2018,Liceal,8932
RO124,HR,2018-2019,2018,Postliceal,729
RO124,HR,2018-2019,2018,Preșcolar,10301
RO124,HR,2018-2019,2018,Primar,15929
RO124,HR,2018-2019,2018,Profesional,2119
RO125,MS,2018-2019,2018,Gimnazial,21042
RO125,MS,2018-2019,2018,Liceal,14954
RO125,MS,2018-2019,2018,Postliceal,2481
RO125,MS,2018-2019,2018,Preșcolar,16215
RO125,MS,2018-2019,2018,Primar,27766
RO125,MS,2018-2019,2018,Profesional,2684
RO126,SB,2018-2019,2018,Antepreşcolar,342
RO126,SB,2018-2019,2018,Gimnazial,15272
RO126,SB,2018-2019,2018,Liceal,10943
RO126,SB,2018-2019,2018,Postliceal,1291
RO126,SB,2018-2019,2018,Preșcolar,12782
RO126,SB,2018-2019,2018,Primar,20720
RO126,SB,2018-2019,2018,Profesional,2284
RO211,BC,2018-2019,2018,Gimnazial,24234
RO211,BC,2018-2019,2018,Liceal,18704
RO211,BC,2018-2019,2018,Postliceal,1940
RO211,BC,2018-2019,2018,Preșcolar,16175
RO211,BC,2018-2019,2018,Primar,29700
RO211,BC,2018-2019,2018,Profesional,3741
RO212,BT,2018-2019,2018,Gimnazial,17350
RO212,BT,2018-2019,2018,Liceal,14161
RO212,BT,2018-2019,2018,Postliceal,1190
RO212,BT,2018-2019,2018,Preșcolar,11176
RO212,BT,2018-2019,2018,Primar,20036
RO212,BT,2018-2019,2018,Profesional,2570
RO213,IS,2018-2019,2018,Antepreşcolar,10
RO213,IS,2018-2019,2018,Gimnazial,33055
RO213,IS,2018-2019,2018,Liceal,24426
RO213,IS,2018-2019,2018,Postliceal,3791
RO213,IS,2018-2019,2018,Preșcolar,21909
RO213,IS,2018-2019,2018,Primar,41890
RO213,IS,2018-2019,2018,Profesional,6633
RO214,NT,2018-2019,2018,Gimnazial,17866
RO214,NT,2018-2019,2018,Liceal,16357
RO214,NT,2018-2019,2018,Postliceal,1671
RO214,NT,2018-2019,2018,Preșcolar,11718
RO214,NT,2018-2019,2018,Primar,21445
RO214,NT,2018-2019,2018,Profesional,2448
RO215,SV,2018-2019,2018,Gimnazial,27759
RO215,SV,2018-2019,2018,Liceal,25152
RO215,SV,2018-2019,2018,Postliceal,3104
RO215,SV,2018-2019,2018,Preșcolar,20297
RO215,SV,2018-2019,2018,Primar,35433
RO215,SV,2018-2019,2018,Profesional,4075
RO216,VS,2018-2019,2018,Gimnazial,16983
RO216,VS,2018-2019,2018,Liceal,13303
RO216,VS,2018-2019,2018,Postliceal,560
RO216,VS,2018-2019,2018,Preșcolar,10835
RO216,VS,2018-2019,2018,Primar,19893
RO216,VS,2018-2019,2018,Profesional,2859
RO221,BR,2018-2019,2018,Gimnazial,11282
RO221,BR,2018-2019,2018,Liceal,8800
RO221,BR,2018-2019,2018,Postliceal,1476
RO221,BR,2018-2019,2018,Preșcolar,6924
RO221,BR,2018-2019,2018,Primar,13081
RO221,BR,2018-2019,2018,Profesional,1832
RO222,BZ,2018-2019,2018,Gimnazial,16239
RO222,BZ,2018-2019,2018,Liceal,13353
RO222,BZ,2018-2019,2018,Postliceal,1880
RO222,BZ,2018-2019,2018,Preșcolar,10533
RO222,BZ,2018-2019,2018,Primar,20017
RO222,BZ,2018-2019,2018,Profesional,2157
RO223,CT,2018-2019,2018,Antepreşcolar,25
RO223,CT,2018-2019,2018,Gimnazial,25758
RO223,CT,2018-2019,2018,Liceal,23293
RO223,CT,2018-2019,2018,Postliceal,4464
RO223,CT,2018-2019,2018,Preșcolar,18310
RO223,CT,2018-2019,2018,Primar,35178
RO223,CT,2018-2019,2018,Profesional,2644
RO224,GL,2018-2019,2018,Antepreşcolar,64
RO224,GL,2018-2019,2018,Gimnazial,20028
RO224,GL,2018-2019,2018,Liceal,17762
RO224,GL,2018-2019,2018,Postliceal,3234
RO224,GL,2018-2019,2018,Preșcolar,12063
RO224,GL,2018-2019,2018,Primar,23557
RO224,GL,2018-2019,2018,Profesional,2418
RO225,TL,2018-2019,2018,Gimnazial,7776
RO225,TL,2018-2019,2018,Liceal,6054
RO225,TL,2018-2019,2018,Postliceal,359
RO225,TL,2018-2019,2018,Preșcolar,5150
RO225,TL,2018-2019,2018,Primar,9526
RO225,TL,2018-2019,2018,Profesional,964
RO226,VN,2018-2019,2018,Gimnazial,12455
RO226,VN,2018-2019,2018,Liceal,10527
RO226,VN,2018-2019,2018,Postliceal,1408
RO226,VN,2018-2019,2018,Preșcolar,8595
RO226,VN,2018-2019,2018,Primar,16056
RO226,VN,2018-2019,2018,Profesional,1036
RO311,AG,2018-2019,2018,Gimnazial,21993
RO311,AG,2018-2019,2018,Liceal,22791
RO311,AG,2018-2019,2018,Postliceal,2416
RO311,AG,2018-2019,2018,Preșcolar,16157
RO311,AG,2018-2019,2018,Primar,26790
RO311,AG,2018-2019,2018,Profesional,2063
RO312,CL,2018-2019,2018,Gimnazial,10992
RO312,CL,2018-2019,2018,Liceal,6855
RO312,CL,2018-2019,2018,Postliceal,723
RO312,CL,2018-2019,2018,Preșcolar,6984
RO312,CL,2018-2019,2018,Primar,14450
RO312,CL,2018-2019,2018,Profesional,1332
RO313,DB,2018-2019,2018,Gimnazial,17768
RO313,DB,2018-2019,2018,Liceal,14693
RO313,DB,2018-2019,2018,Postliceal,1523
RO313,DB,2018-2019,2018,Preșcolar,11587
RO313,DB,2018-2019,2018,Primar,22052
RO313,DB,2018-2019,2018,Profesional,1802
RO314,GR,2018-2019,2018,Gimnazial,9351
RO314,GR,2018-2019,2018,Liceal,5548
RO314,GR,2018-2019,2018,Postliceal,535
RO314,GR,2018-2019,2018,Preșcolar,5443
RO314,GR,2018-2019,2018,Primar,12604
RO314,GR,2018-2019,2018,Profesional,479
RO315,IL,2018-2019,2018,Gimnazial,9407
RO315,IL,2018-2019,2018,Liceal,7804
RO315,IL,2018-2019,2018,Postliceal,492
RO315,IL,2018-2019,2018,Preșcolar,6254
RO315,IL,2018-2019,2018,Primar,12384
RO315,IL,2018-2019,2018,Profesional,1105
RO316,PH,2018-2019,2018,Gimnazial,27469
RO316,PH,2018-2019,2018,Liceal,22611
RO316,PH,2018-2019,2018,Postliceal,3442
RO316,PH,2018-2019,2018,Preșcolar,16473
RO316,PH,2018-2019,2018,Primar,32831
RO316,PH,2018-2019,2018,Profesional,3498
RO317,TR,2018-2019,2018,Gimnazial,10898
RO317,TR,2018-2019,2018,Liceal,10243
RO317,TR,2018-2019,2018,Postliceal,1322
RO317,TR,2018-2019,2018,Preșcolar,7276
RO317,TR,2018-2019,2018,Primar,13248
RO317,TR,2018-2019,2018,Profesional,617
RO321,B,2018-2019,2018,Antepreşcolar,50
RO321,B,2018-2019,2018,Gimnazial,63087
RO321,B,2018-2019,2018,Liceal,68212
RO321,B,2018-2019,2018,Postliceal,9469
RO321,B,2018-2019,2018,Preșcolar,46064
RO321,B,2018-2019,2018,Primar,89405
RO321,B,2018-2019,2018,Profesional,2816
RO322,IF,2018-2019,2018,Gimnazial,13421
RO322,IF,2018-2019,2018,Liceal,6681
RO322,IF,2018-2019,2018,Postliceal,307
RO322,IF,2018-2019,2018,Preșcolar,10963
RO322,IF,2018-2019,2018,Primar,20608
RO322,IF,2018-2019,2018,Profesional,456
RO411,DJ,2018-2019,2018,Gimnazial,20779
RO411,DJ,2018-2019,2018,Liceal,20777
RO411,DJ,2018-2019,2018,Postliceal,5706
RO411,DJ,2018-2019,2018,Preșcolar,16391
RO411,DJ,2018-2019,2018,Primar,27703
RO411,DJ,2018-2019,2018,Profesional,2731
RO412,GJ,2018-2019,2018,Gimnazial,12576
RO412,GJ,2018-2019,2018,Liceal,13008
RO412,GJ,2018-2019,2018,Postliceal,2817
RO412,GJ,2018-2019,2018,Preșcolar,7868
RO412,GJ,2018-2019,2018,Primar,13943
RO412,GJ,2018-2019,2018,Profesional,1313
RO413,MH,2018-2019,2018,Gimnazial,8320
RO413,MH,2018-2019,2018,Liceal,9141
RO413,MH,2018-2019,2018,Postliceal,2425
RO413,MH,2018-2019,2018,Preșcolar,5669
RO413,MH,2018-2019,2018,Primar,10204
RO413,MH,2018-2019,2018,Profesional,814
RO414,OT,2018-2019,2018,Gimnazial,14166
RO414,OT,2018-2019,2018,Liceal,14561
RO414,OT,2018-2019,2018,Postliceal,2857
RO414,OT,2018-2019,2018,Preșcolar,9699
RO414,OT,2018-2019,2018,Primar,16582
RO414,OT,2018-2019,2018,Profesional,1767
RO415,VL,2018-2019,2018,Gimnazial,12493
RO415,VL,2018-2019,2018,Liceal,12217
RO415,VL,2018-2019,2018,Postliceal,1926
RO415,VL,2018-2019,2018,Preșcolar,8732
RO415,VL,2018-2019,2018,Primar,14584
RO415,VL,2018-2019,2018,Profesional,1429
RO421,AR,2018-2019,2018,Gimnazial,14735
RO421,AR,2018-2019,2018,Liceal,13013
RO421,AR,2018-2019,2018,Postliceal,1431
RO421,AR,2018-2019,2018,Preșcolar,11350
RO421,AR,2018-2019,2018,Primar,19466
RO421,AR,2018-2019,2018,Profesional,1580
RO422,CS,2018-2019,2018,Gimnazial,9136
RO422,CS,2018-2019,2018,Liceal,9435
RO422,CS,2018-2019,2018,Postliceal,1918
RO422,CS,2018-2019,2018,Preșcolar,6729
RO422,CS,2018-2019,2018,Primar,10654
RO422,CS,2018-2019,2018,Profesional,1188
RO423,HD,2018-2019,2018,Gimnazial,13717
RO423,HD,2018-2019,2018,Liceal,12996
RO423,HD,2018-2019,2018,Postliceal,3571
RO423,HD,2018-2019,2018,Preșcolar,8480
RO423,HD,2018-2019,2018,Primar,15448
RO423,HD,2018-2019,2018,Profesional,2108
RO424,TM,2018-2019,2018,Gimnazial,22447
RO424,TM,2018-2019,2018,Liceal,20847
RO424,TM,2018-2019,2018,Postliceal,1670
RO424,TM,2018-2019,2018,Preșcolar,18302
RO424,TM,2018-2019,2018,Primar,30454
RO424,TM,2018-2019,2018,Profesional,2401
RO111,BH,2019-2020,2019,Antepreşcolar,81
RO111,BH,2019-2020,2019,Gimnazial,21804
RO111,BH,2019-2020,2019,Liceal,17282
RO111,BH,2019-2020,2019,Postliceal,2184
RO111,BH,2019-2020,2019,Preșcolar,16965
RO111,BH,2019-2020,2019,Primar,27926
RO111,BH,2019-2020,2019,Profesional,3211
RO112,BN,2019-2020,2019,Gimnazial,11481
RO112,BN,2019-2020,2019,Liceal,9042
RO112,BN,2019-2020,2019,Postliceal,1128
RO112,BN,2019-2020,2019,Preșcolar,8523
RO112,BN,2019-2020,2019,Primar,14650
RO112,BN,2019-2020,2019,Profesional,2127
RO113,CJ,2019-2020,2019,Gimnazial,22456
RO113,CJ,2019-2020,2019,Liceal,18584
RO113,CJ,2019-2020,2019,Postliceal,4109
RO113,CJ,2019-2020,2019,Preșcolar,20317
RO113,CJ,2019-2020,2019,Primar,30725
RO113,CJ,2019-2020,2019,Profesional,3276
RO114,MM,2019-2020,2019,Gimnazial,16562
RO114,MM,2019-2020,2019,Liceal,16705
RO114,MM,2019-2020,2019,Postliceal,1703
RO114,MM,2019-2020,2019,Preșcolar,12944
RO114,MM,2019-2020,2019,Primar,20138
RO114,MM,2019-2020,2019,Profesional,2440
RO115,SM,2019-2020,2019,Gimnazial,12491
RO115,SM,2019-2020,2019,Liceal,9125
RO115,SM,2019-2020,2019,Postliceal,1936
RO115,SM,2019-2020,2019,Preșcolar,10487
RO115,SM,2019-2020,2019,Primar,15940
RO115,SM,2019-2020,2019,Profesional,2420
RO116,SJ,2019-2020,2019,Gimnazial,8645
RO116,SJ,2019-2020,2019,Liceal,6831
RO116,SJ,2019-2020,2019,Postliceal,663
RO116,SJ,2019-2020,2019,Preșcolar,7594
RO116,SJ,2019-2020,2019,Primar,11100
RO116,SJ,2019-2020,2019,Profesional,1241
RO121,AB,2019-2020,2019,Gimnazial,11937
RO121,AB,2019-2020,2019,Liceal,11218
RO121,AB,2019-2020,2019,Postliceal,1110
RO121,AB,2019-2020,2019,Preșcolar,8268
RO121,AB,2019-2020,2019,Primar,14333
RO121,AB,2019-2020,2019,Profesional,1988
RO122,BV,2019-2020,2019,Gimnazial,20532
RO122,BV,2019-2020,2019,Liceal,14729
RO122,BV,2019-2020,2019,Postliceal,1003
RO122,BV,2019-2020,2019,Preșcolar,16756
RO122,BV,2019-2020,2019,Primar,28528
RO122,BV,2019-2020,2019,Profesional,3740
RO123,CV,2019-2020,2019,Antepreşcolar,237
RO123,CV,2019-2020,2019,Gimnazial,8213
RO123,CV,2019-2020,2019,Liceal,4982
RO123,CV,2019-2020,2019,Postliceal,392
RO123,CV,2019-2020,2019,Preșcolar,6412
RO123,CV,2019-2020,2019,Primar,10917
RO123,CV,2019-2020,2019,Profesional,1539
RO124,HR,2019-2020,2019,Antepreşcolar,89
RO124,HR,2019-2020,2019,Gimnazial,12608
RO124,HR,2019-2020,2019,Liceal,8712
RO124,HR,2019-2020,2019,Postliceal,774
RO124,HR,2019-2020,2019,Preșcolar,10249
RO124,HR,2019-2020,2019,Primar,15520
RO124,HR,2019-2020,2019,Profesional,2107
RO125,MS,2019-2020,2019,Gimnazial,20878
RO125,MS,2019-2020,2019,Liceal,15031
RO125,MS,2019-2020,2019,Postliceal,2280
RO125,MS,2019-2020,2019,Preșcolar,16311
RO125,MS,2019-2020,2019,Primar,27346
RO125,MS,2019-2020,2019,Profesional,2693
RO126,SB,2019-2020,2019,Antepreşcolar,387
RO126,SB,2019-2020,2019,Gimnazial,15370
RO126,SB,2019-2020,2019,Liceal,10988
RO126,SB,2019-2020,2019,Postliceal,1738
RO126,SB,2019-2020,2019,Preșcolar,12894
RO126,SB,2019-2020,2019,Primar,20353
RO126,SB,2019-2020,2019,Profesional,2470
RO211,BC,2019-2020,2019,Gimnazial,23646
RO211,BC,2019-2020,2019,Liceal,18339
RO211,BC,2019-2020,2019,Postliceal,1925
RO211,BC,2019-2020,2019,Preșcolar,16251
RO211,BC,2019-2020,2019,Primar,28713
RO211,BC,2019-2020,2019,Profesional,4099
RO212,BT,2019-2020,2019,Gimnazial,16840
RO212,BT,2019-2020,2019,Liceal,13653
RO212,BT,2019-2020,2019,Postliceal,1107
RO212,BT,2019-2020,2019,Preșcolar,10879
RO212,BT,2019-2020,2019,Primar,18974
RO212,BT,2019-2020,2019,Profesional,2961
RO213,IS,2019-2020,2019,Antepreşcolar,6
RO213,IS,2019-2020,2019,Gimnazial,33152
RO213,IS,2019-2020,2019,Liceal,24257
RO213,IS,2019-2020,2019,Postliceal,3533
RO213,IS,2019-2020,2019,Preșcolar,22316
RO213,IS,2019-2020,2019,Primar,40516
RO213,IS,2019-2020,2019,Profesional,6631
RO214,NT,2019-2020,2019,Gimnazial,17625
RO214,NT,2019-2020,2019,Liceal,15516
RO214,NT,2019-2020,2019,Postliceal,1682
RO214,NT,2019-2020,2019,Preșcolar,11713
RO214,NT,2019-2020,2019,Primar,20692
RO214,NT,2019-2020,2019,Profesional,3092
RO215,SV,2019-2020,2019,Gimnazial,27319
RO215,SV,2019-2020,2019,Liceal,24168
RO215,SV,2019-2020,2019,Postliceal,2930
RO215,SV,2019-2020,2019,Preșcolar,20816
RO215,SV,2019-2020,2019,Primar,34868
RO215,SV,2019-2020,2019,Profesional,4707
RO216,VS,2019-2020,2019,Gimnazial,16687
RO216,VS,2019-2020,2019,Liceal,12541
RO216,VS,2019-2020,2019,Postliceal,904
RO216,VS,2019-2020,2019,Preșcolar,10579
RO216,VS,2019-2020,2019,Primar,18616
RO216,VS,2019-2020,2019,Profesional,3092
RO221,BR,2019-2020,2019,Gimnazial,11236
RO221,BR,2019-2020,2019,Liceal,8760
RO221,BR,2019-2020,2019,Postliceal,1494
RO221,BR,2019-2020,2019,Preșcolar,7008
RO221,BR,2019-2020,2019,Primar,12277
RO221,BR,2019-2020,2019,Profesional,1901
RO222,BZ,2019-2020,2019,Gimnazial,16173
RO222,BZ,2019-2020,2019,Liceal,13051
RO222,BZ,2019-2020,2019,Postliceal,2021
RO222,BZ,2019-2020,2019,Preșcolar,10385
RO222,BZ,2019-2020,2019,Primar,18938
RO222,BZ,2019-2020,2019,Profesional,2497
RO223,CT,2019-2020,2019,Gimnazial,26169
RO223,CT,2019-2020,2019,Liceal,22541
RO223,CT,2019-2020,2019,Postliceal,4440
RO223,CT,2019-2020,2019,Preșcolar,18459
RO223,CT,2019-2020,2019,Primar,34088
RO223,CT,2019-2020,2019,Profesional,3417
RO224,GL,2019-2020,2019,Antepreşcolar,54
RO224,GL,2019-2020,2019,Gimnazial,19538
RO224,GL,2019-2020,2019,Liceal,17297
RO224,GL,2019-2020,2019,Postliceal,3087
RO224,GL,2019-2020,2019,Preșcolar,12120
RO224,GL,2019-2020,2019,Primar,22343
RO224,GL,2019-2020,2019,Profesional,2522
RO225,TL,2019-2020,2019,Gimnazial,7679
RO225,TL,2019-2020,2019,Liceal,5767
RO225,TL,2019-2020,2019,Postliceal,262
RO225,TL,2019-2020,2019,Preșcolar,5002
RO225,TL,2019-2020,2019,Primar,9134
RO225,TL,2019-2020,2019,Profesional,1108
RO226,VN,2019-2020,2019,Gimnazial,12276
RO226,VN,2019-2020,2019,Liceal,10450
RO226,VN,2019-2020,2019,Postliceal,1411
RO226,VN,2019-2020,2019,Preșcolar,8661
RO226,VN,2019-2020,2019,Primar,15633
RO226,VN,2019-2020,2019,Profesional,1176
RO311,AG,2019-2020,2019,Gimnazial,21825
RO311,AG,2019-2020,2019,Liceal,20597
RO311,AG,2019-2020,2019,Postliceal,2496
RO311,AG,2019-2020,2019,Preșcolar,16261
RO311,AG,2019-2020,2019,Primar,26107
RO311,AG,2019-2020,2019,Profesional,2621
RO312,CL,2019-2020,2019,Gimnazial,11019
RO312,CL,2019-2020,2019,Liceal,6659
RO312,CL,2019-2020,2019,Postliceal,685
RO312,CL,2019-2020,2019,Preșcolar,7003
RO312,CL,2019-2020,2019,Primar,13669
RO312,CL,2019-2020,2019,Profesional,1367
RO313,DB,2019-2020,2019,Gimnazial,17377
RO313,DB,2019-2020,2019,Liceal,14123
RO313,DB,2019-2020,2019,Postliceal,1581
RO313,DB,2019-2020,2019,Preșcolar,11741
RO313,DB,2019-2020,2019,Primar,21346
RO313,DB,2019-2020,2019,Profesional,2242
RO314,GR,2019-2020,2019,Gimnazial,9242
RO314,GR,2019-2020,2019,Liceal,5542
RO314,GR,2019-2020,2019,Postliceal,508
RO314,GR,2019-2020,2019,Preșcolar,5634
RO314,GR,2019-2020,2019,Primar,12196
RO314,GR,2019-2020,2019,Profesional,550
RO315,IL,2019-2020,2019,Gimnazial,9428
RO315,IL,2019-2020,2019,Liceal,7492
RO315,IL,2019-2020,2019,Postliceal,476
RO315,IL,2019-2020,2019,Preșcolar,6269
RO315,IL,2019-2020,2019,Primar,11829
RO315,IL,2019-2020,2019,Profesional,1302
RO316,PH,2019-2020,2019,Gimnazial,27139
RO316,PH,2019-2020,2019,Liceal,22502
RO316,PH,2019-2020,2019,Postliceal,3167
RO316,PH,2019-2020,2019,Preșcolar,16679
RO316,PH,2019-2020,2019,Primar,31436
RO316,PH,2019-2020,2019,Profesional,3669
RO317,TR,2019-2020,2019,Gimnazial,10702
RO317,TR,2019-2020,2019,Liceal,9396
RO317,TR,2019-2020,2019,Postliceal,1383
RO317,TR,2019-2020,2019,Preșcolar,7241
RO317,TR,2019-2020,2019,Primar,12414
RO317,TR,2019-2020,2019,Profesional,829
RO321,B,2019-2020,2019,Gimnazial,64957
RO321,B,2019-2020,2019,Liceal,69536
RO321,B,2019-2020,2019,Postliceal,9458
RO321,B,2019-2020,2019,Preșcolar,47269
RO321,B,2019-2020,2019,Primar,87862
RO321,B,2019-2020,2019,Profesional,3568
RO322,IF,2019-2020,2019,Gimnazial,14125
RO322,IF,2019-2020,2019,Liceal,6853
RO322,IF,2019-2020,2019,Postliceal,341
RO322,IF,2019-2020,2019,Preșcolar,11666
RO322,IF,2019-2020,2019,Primar,20480
RO322,IF,2019-2020,2019,Profesional,499
RO411,DJ,2019-2020,2019,Gimnazial,20458
RO411,DJ,2019-2020,2019,Liceal,20209
RO411,DJ,2019-2020,2019,Postliceal,6092
RO411,DJ,2019-2020,2019,Preșcolar,16323
RO411,DJ,2019-2020,2019,Primar,27179
RO411,DJ,2019-2020,2019,Profesional,2798
RO412,GJ,2019-2020,2019,Gimnazial,12075
RO412,GJ,2019-2020,2019,Liceal,12511
RO412,GJ,2019-2020,2019,Postliceal,2528
RO412,GJ,2019-2020,2019,Preșcolar,7813
RO412,GJ,2019-2020,2019,Primar,13333
RO412,GJ,2019-2020,2019,Profesional,1615
RO413,MH,2019-2020,2019,Gimnazial,7987
RO413,MH,2019-2020,2019,Liceal,9269
RO413,MH,2019-2020,2019,Postliceal,2509
RO413,MH,2019-2020,2019,Preșcolar,5763
RO413,MH,2019-2020,2019,Primar,9727
RO413,MH,2019-2020,2019,Profesional,900
RO414,OT,2019-2020,2019,Gimnazial,13995
RO414,OT,2019-2020,2019,Liceal,14103
RO414,OT,2019-2020,2019,Postliceal,2746
RO414,OT,2019-2020,2019,Preșcolar,9893
RO414,OT,2019-2020,2019,Primar,15683
RO414,OT,2019-2020,2019,Profesional,1841
RO415,VL,2019-2020,2019,Gimnazial,12006
RO415,VL,2019-2020,2019,Liceal,11473
RO415,VL,2019-2020,2019,Postliceal,1844
RO415,VL,2019-2020,2019,Preșcolar,8688
RO415,VL,2019-2020,2019,Primar,14083
RO415,VL,2019-2020,2019,Profesional,1831
RO421,AR,2019-2020,2019,Gimnazial,14680
RO421,AR,2019-2020,2019,Liceal,12762
RO421,AR,2019-2020,2019,Postliceal,1480
RO421,AR,2019-2020,2019,Preșcolar,11515
RO421,AR,2019-2020,2019,Primar,18898
RO421,AR,2019-2020,2019,Profesional,1875
RO422,CS,2019-2020,2019,Gimnazial,8774
RO422,CS,2019-2020,2019,Liceal,8865
RO422,CS,2019-2020,2019,Postliceal,1723
RO422,CS,2019-2020,2019,Preșcolar,6599
RO422,CS,2019-2020,2019,Primar,10298
RO422,CS,2019-2020,2019,Profesional,1416
RO423,HD,2019-2020,2019,Gimnazial,13487
RO423,HD,2019-2020,2019,Liceal,12311
RO423,HD,2019-2020,2019,Postliceal,3463
RO423,HD,2019-2020,2019,Preșcolar,7953
RO423,HD,2019-2020,2019,Primar,14668
RO423,HD,2019-2020,2019,Profesional,2431
RO424,TM,2019-2020,2019,Gimnazial,22406
RO424,TM,2019-2020,2019,Liceal,20443
RO424,TM,2019-2020,2019,Postliceal,3085
RO424,TM,2019-2020,2019,Preșcolar,17995
RO424,TM,2019-2020,2019,Primar,30205
RO424,TM,2019-2020,2019,Profesional,3253
RO111,BH,2020-2021,2020,Antepreşcolar,14
RO111,BH,2020-2021,2020,Gimnazial,21486
RO111,BH,2020-2021,2020,Liceal,17318
RO111,BH,2020-2021,2020,Postliceal,2126
RO111,BH,2020-2021,2020,Preșcolar,16413
RO111,BH,2020-2021,2020,Primar,27161
RO111,BH,2020-2021,2020,Profesional,3513
RO112,BN,2020-2021,2020,Gimnazial,11481
RO112,BN,2020-2021,2020,Liceal,9040
RO112,BN,2020-2021,2020,Postliceal,1194
RO112,BN,2020-2021,2020,Preșcolar,8600
RO112,BN,2020-2021,2020,Primar,14453
RO112,BN,2020-2021,2020,Profesional,2319
RO113,CJ,2020-2021,2020,Gimnazial,22788
RO113,CJ,2020-2021,2020,Liceal,18865
RO113,CJ,2020-2021,2020,Postliceal,3607
RO113,CJ,2020-2021,2020,Preșcolar,20201
RO113,CJ,2020-2021,2020,Primar,30568
RO113,CJ,2020-2021,2020,Profesional,3434
RO114,MM,2020-2021,2020,Gimnazial,16189
RO114,MM,2020-2021,2020,Liceal,17076
RO114,MM,2020-2021,2020,Postliceal,1691
RO114,MM,2020-2021,2020,Preșcolar,12976
RO114,MM,2020-2021,2020,Primar,19466
RO114,MM,2020-2021,2020,Profesional,2370
RO115,SM,2020-2021,2020,Gimnazial,12487
RO115,SM,2020-2021,2020,Liceal,9289
RO115,SM,2020-2021,2020,Postliceal,1866
RO115,SM,2020-2021,2020,Preșcolar,9892
RO115,SM,2020-2021,2020,Primar,15627
RO115,SM,2020-2021,2020,Profesional,2650
RO116,SJ,2020-2021,2020,Gimnazial,8585
RO116,SJ,2020-2021,2020,Liceal,6855
RO116,SJ,2020-2021,2020,Postliceal,708
RO116,SJ,2020-2021,2020,Preșcolar,7372
RO116,SJ,2020-2021,2020,Primar,10981
RO116,SJ,2020-2021,2020,Profesional,1151
RO121,AB,2020-2021,2020,Gimnazial,11700
RO121,AB,2020-2021,2020,Liceal,11051
RO121,AB,2020-2021,2020,Postliceal,1021
RO121,AB,2020-2021,2020,Preșcolar,8304
RO121,AB,2020-2021,2020,Primar,14019
RO121,AB,2020-2021,2020,Profesional,2318
RO122,BV,2020-2021,2020,Gimnazial,20897
RO122,BV,2020-2021,2020,Liceal,14894
RO122,BV,2020-2021,2020,Postliceal,905
RO122,BV,2020-2021,2020,Preșcolar,15739
RO122,BV,2020-2021,2020,Primar,28034
RO122,BV,2020-2021,2020,Profesional,4318
RO123,CV,2020-2021,2020,Antepreşcolar,289
RO123,CV,2020-2021,2020,Gimnazial,7983
RO123,CV,2020-2021,2020,Liceal,5134
RO123,CV,2020-2021,2020,Postliceal,335
RO123,CV,2020-2021,2020,Preșcolar,6080
RO123,CV,2020-2021,2020,Primar,10781
RO123,CV,2020-2021,2020,Profesional,1584
RO124,HR,2020-2021,2020,Antepreşcolar,111
RO124,HR,2020-2021,2020,Gimnazial,12405
RO124,HR,2020-2021,2020,Liceal,8789
RO124,HR,2020-2021,2020,Postliceal,785
RO124,HR,2020-2021,2020,Preșcolar,10078
RO124,HR,2020-2021,2020,Primar,15431
RO124,HR,2020-2021,2020,Profesional,2254
RO125,MS,2020-2021,2020,Gimnazial,20617
RO125,MS,2020-2021,2020,Liceal,15303
RO125,MS,2020-2021,2020,Postliceal,2164
RO125,MS,2020-2021,2020,Preșcolar,15926
RO125,MS,2020-2021,2020,Primar,26590
RO125,MS,2020-2021,2020,Profesional,2681
RO126,SB,2020-2021,2020,Antepreşcolar,405
RO126,SB,2020-2021,2020,Gimnazial,15468
RO126,SB,2020-2021,2020,Liceal,11254
RO126,SB,2020-2021,2020,Postliceal,1659
RO126,SB,2020-2021,2020,Preșcolar,12597
RO126,SB,2020-2021,2020,Primar,20109
RO126,SB,2020-2021,2020,Profesional,2782
RO211,BC,2020-2021,2020,Gimnazial,23236
RO211,BC,2020-2021,2020,Liceal,18323
RO211,BC,2020-2021,2020,Postliceal,2004
RO211,BC,2020-2021,2020,Preșcolar,15486
RO211,BC,2020-2021,2020,Primar,27902
RO211,BC,2020-2021,2020,Profesional,4338
RO212,BT,2020-2021,2020,Gimnazial,16211
RO212,BT,2020-2021,2020,Liceal,13258
RO212,BT,2020-2021,2020,Postliceal,1036
RO212,BT,2020-2021,2020,Preșcolar,10460
RO212,BT,2020-2021,2020,Primar,18343
RO212,BT,2020-2021,2020,Profesional,3404
RO213,IS,2020-2021,2020,Antepreşcolar,2
RO213,IS,2020-2021,2020,Gimnazial,33557
RO213,IS,2020-2021,2020,Liceal,24464
RO213,IS,2020-2021,2020,Postliceal,3603
RO213,IS,2020-2021,2020,Preșcolar,21856
RO213,IS,2020-2021,2020,Primar,39394
RO213,IS,2020-2021,2020,Profesional,6470
RO214,NT,2020-2021,2020,Gimnazial,17259
RO214,NT,2020-2021,2020,Liceal,15089
RO214,NT,2020-2021,2020,Postliceal,1648
RO214,NT,2020-2021,2020,Preșcolar,11137
RO214,NT,2020-2021,2020,Primar,20255
RO214,NT,2020-2021,2020,Profesional,3494
RO215,SV,2020-2021,2020,Gimnazial,27242
RO215,SV,2020-2021,2020,Liceal,23900
RO215,SV,2020-2021,2020,Postliceal,2802
RO215,SV,2020-2021,2020,Preșcolar,20348
RO215,SV,2020-2021,2020,Primar,34611
RO215,SV,2020-2021,2020,Profesional,4959
RO216,VS,2020-2021,2020,Gimnazial,16469
RO216,VS,2020-2021,2020,Liceal,12397
RO216,VS,2020-2021,2020,Postliceal,1098
RO216,VS,2020-2021,2020,Preșcolar,10214
RO216,VS,2020-2021,2020,Primar,17385
RO216,VS,2020-2021,2020,Profesional,3102
RO221,BR,2020-2021,2020,Gimnazial,10909
RO221,BR,2020-2021,2020,Liceal,8825
RO221,BR,2020-2021,2020,Postliceal,1470
RO221,BR,2020-2021,2020,Preșcolar,6926
RO221,BR,2020-2021,2020,Primar,11588
RO221,BR,2020-2021,2020,Profesional,2050
RO222,BZ,2020-2021,2020,Gimnazial,15907
RO222,BZ,2020-2021,2020,Liceal,12796
RO222,BZ,2020-2021,2020,Postliceal,2090
RO222,BZ,2020-2021,2020,Preșcolar,10025
RO222,BZ,2020-2021,2020,Primar,18136
RO222,BZ,2020-2021,2020,Profesional,2760
RO223,CT,2020-2021,2020,Gimnazial,26494
RO223,CT,2020-2021,2020,Liceal,22576
RO223,CT,2020-2021,2020,Postliceal,4486
RO223,CT,2020-2021,2020,Preșcolar,17689
RO223,CT,2020-2021,2020,Primar,33130
RO223,CT,2020-2021,2020,Profesional,3996
RO224,GL,2020-2021,2020,Antepreşcolar,49
RO224,GL,2020-2021,2020,Gimnazial,19303
RO224,GL,2020-2021,2020,Liceal,17173
RO224,GL,2020-2021,2020,Postliceal,3051
RO224,GL,2020-2021,2020,Preșcolar,11635
RO224,GL,2020-2021,2020,Primar,21272
RO224,GL,2020-2021,2020,Profesional,2665
RO225,TL,2020-2021,2020,Gimnazial,7477
RO225,TL,2020-2021,2020,Liceal,5739
RO225,TL,2020-2021,2020,Postliceal,632
RO225,TL,2020-2021,2020,Preșcolar,4744
RO225,TL,2020-2021,2020,Primar,8811
RO225,TL,2020-2021,2020,Profesional,1145
RO226,VN,2020-2021,2020,Gimnazial,12165
RO226,VN,2020-2021,2020,Liceal,10677
RO226,VN,2020-2021,2020,Postliceal,1266
RO226,VN,2020-2021,2020,Preșcolar,8332
RO226,VN,2020-2021,2020,Primar,15253
RO226,VN,2020-2021,2020,Profesional,1294
RO311,AG,2020-2021,2020,Gimnazial,21435
RO311,AG,2020-2021,2020,Liceal,20595
RO311,AG,2020-2021,2020,Postliceal,2546
RO311,AG,2020-2021,2020,Preșcolar,15345
RO311,AG,2020-2021,2020,Primar,25394
RO311,AG,2020-2021,2020,Profesional,3130
RO312,CL,2020-2021,2020,Gimnazial,11007
RO312,CL,2020-2021,2020,Liceal,6399
RO312,CL,2020-2021,2020,Postliceal,513
RO312,CL,2020-2021,2020,Preșcolar,6543
RO312,CL,2020-2021,2020,Primar,13247
RO312,CL,2020-2021,2020,Profesional,1511
RO313,DB,2020-2021,2020,Gimnazial,17053
RO313,DB,2020-2021,2020,Liceal,14050
RO313,DB,2020-2021,2020,Postliceal,1534
RO313,DB,2020-2021,2020,Preșcolar,11308
RO313,DB,2020-2021,2020,Primar,20511
RO313,DB,2020-2021,2020,Profesional,2495
RO314,GR,2020-2021,2020,Gimnazial,9352
RO314,GR,2020-2021,2020,Liceal,5534
RO314,GR,2020-2021,2020,Postliceal,645
RO314,GR,2020-2021,2020,Preșcolar,5344
RO314,GR,2020-2021,2020,Primar,11842
RO314,GR,2020-2021,2020,Profesional,602
RO315,IL,2020-2021,2020,Gimnazial,9452
RO315,IL,2020-2021,2020,Liceal,7288
RO315,IL,2020-2021,2020,Postliceal,543
RO315,IL,2020-2021,2020,Preșcolar,5838
RO315,IL,2020-2021,2020,Primar,11212
RO315,IL,2020-2021,2020,Profesional,1590
RO316,PH,2020-2021,2020,Gimnazial,26630
RO316,PH,2020-2021,2020,Liceal,23028
RO316,PH,2020-2021,2020,Postliceal,2942
RO316,PH,2020-2021,2020,Preșcolar,16124
RO316,PH,2020-2021,2020,Primar,30063
RO316,PH,2020-2021,2020,Profesional,4020
RO317,TR,2020-2021,2020,Gimnazial,10462
RO317,TR,2020-2021,2020,Liceal,9149
RO317,TR,2020-2021,2020,Postliceal,1376
RO317,TR,2020-2021,2020,Preșcolar,6947
RO317,TR,2020-2021,2020,Primar,11800
RO317,TR,2020-2021,2020,Profesional,1025
RO321,B,2020-2021,2020,Gimnazial,66054
RO321,B,2020-2021,2020,Liceal,72338
RO321,B,2020-2021,2020,Postliceal,10128
RO321,B,2020-2021,2020,Preșcolar,44200
RO321,B,2020-2021,2020,Primar,85320
RO321,B,2020-2021,2020,Profesional,4512
RO322,IF,2020-2021,2020,Gimnazial,14742
RO322,IF,2020-2021,2020,Liceal,7035
RO322,IF,2020-2021,2020,Postliceal,333
RO322,IF,2020-2021,2020,Preșcolar,12022
RO322,IF,2020-2021,2020,Primar,20457
RO322,IF,2020-2021,2020,Profesional,656
RO411,DJ,2020-2021,2020,Gimnazial,20167
RO411,DJ,2020-2021,2020,Liceal,20294
RO411,DJ,2020-2021,2020,Postliceal,5927
RO411,DJ,2020-2021,2020,Preșcolar,15412
RO411,DJ,2020-2021,2020,Primar,26620
RO411,DJ,2020-2021,2020,Profesional,2763
RO412,GJ,2020-2021,2020,Gimnazial,11589
RO412,GJ,2020-2021,2020,Liceal,12479
RO412,GJ,2020-2021,2020,Postliceal,2554
RO412,GJ,2020-2021,2020,Preșcolar,7578
RO412,GJ,2020-2021,2020,Primar,12688
RO412,GJ,2020-2021,2020,Profesional,1796
RO413,MH,2020-2021,2020,Gimnazial,7683
RO413,MH,2020-2021,2020,Liceal,9415
RO413,MH,2020-2021,2020,Postliceal,2394
RO413,MH,2020-2021,2020,Preșcolar,5455
RO413,MH,2020-2021,2020,Primar,9310
RO413,MH,2020-2021,2020,Profesional,927
RO414,OT,2020-2021,2020,Gimnazial,13617
RO414,OT,2020-2021,2020,Liceal,13662
RO414,OT,2020-2021,2020,Postliceal,2658
RO414,OT,2020-2021,2020,Preșcolar,9263
RO414,OT,2020-2021,2020,Primar,15083
RO414,OT,2020-2021,2020,Profesional,2049
RO415,VL,2020-2021,2020,Gimnazial,11574
RO415,VL,2020-2021,2020,Liceal,11197
RO415,VL,2020-2021,2020,Postliceal,1867
RO415,VL,2020-2021,2020,Preșcolar,8284
RO415,VL,2020-2021,2020,Primar,13803
RO415,VL,2020-2021,2020,Profesional,1982
RO421,AR,2020-2021,2020,Gimnazial,14637
RO421,AR,2020-2021,2020,Liceal,12947
RO421,AR,2020-2021,2020,Postliceal,1546
RO421,AR,2020-2021,2020,Preșcolar,11023
RO421,AR,2020-2021,2020,Primar,18244
RO421,AR,2020-2021,2020,Profesional,1971
RO422,CS,2020-2021,2020,Gimnazial,8477
RO422,CS,2020-2021,2020,Liceal,8781
RO422,CS,2020-2021,2020,Postliceal,1474
RO422,CS,2020-2021,2020,Preșcolar,6221
RO422,CS,2020-2021,2020,Primar,9858
RO422,CS,2020-2021,2020,Profesional,1478
RO423,HD,2020-2021,2020,Gimnazial,13122
RO423,HD,2020-2021,2020,Liceal,12115
RO423,HD,2020-2021,2020,Postliceal,3151
RO423,HD,2020-2021,2020,Preșcolar,7991
RO423,HD,2020-2021,2020,Primar,13865
RO423,HD,2020-2021,2020,Profesional,2585
RO424,TM,2020-2021,2020,Gimnazial,22747
RO424,TM,2020-2021,2020,Liceal,20403
RO424,TM,2020-2021,2020,Postliceal,3019
RO424,TM,2020-2021,2020,Preșcolar,17902
RO424,TM,2020-2021,2020,Primar,29730
RO424,TM,2020-2021,2020,Profesional,3779
RO111,BH,2021-2022,2021,Antepreşcolar,249
RO111,BH,2021-2022,2021,Gimnazial,22587
RO111,BH,2021-2022,2021,Liceal,16637
RO111,BH,2021-2022,2021,Postliceal,2047
RO111,BH,2021-2022,2021,Preșcolar,17198
RO111,BH,2021-2022,2021,Primar,26823
RO111,BH,2021-2022,2021,Profesional,3348
RO112,BN,2021-2022,2021,Gimnazial,12174
RO112,BN,2021-2022,2021,Liceal,8675
RO112,BN,2021-2022,2021,Postliceal,1222
RO112,BN,2021-2022,2021,Preșcolar,9044
RO112,BN,2021-2022,2021,Primar,14464
RO112,BN,2021-2022,2021,Profesional,2092
RO113,CJ,2021-2022,2021,Antepreşcolar,274
RO113,CJ,2021-2022,2021,Gimnazial,24449
RO113,CJ,2021-2022,2021,Liceal,18567
RO113,CJ,2021-2022,2021,Postliceal,3930
RO113,CJ,2021-2022,2021,Preșcolar,21972
RO113,CJ,2021-2022,2021,Primar,30869
RO113,CJ,2021-2022,2021,Profesional,3260
RO114,MM,2021-2022,2021,Antepreşcolar,288
RO114,MM,2021-2022,2021,Gimnazial,17099
RO114,MM,2021-2022,2021,Liceal,15911
RO114,MM,2021-2022,2021,Postliceal,1798
RO114,MM,2021-2022,2021,Preșcolar,13225
RO114,MM,2021-2022,2021,Primar,19304
RO114,MM,2021-2022,2021,Profesional,2164
RO115,SM,2021-2022,2021,Antepreşcolar,69
RO115,SM,2021-2022,2021,Gimnazial,13113
RO115,SM,2021-2022,2021,Liceal,8783
RO115,SM,2021-2022,2021,Postliceal,1721
RO115,SM,2021-2022,2021,Preșcolar,10049
RO115,SM,2021-2022,2021,Primar,15530
RO115,SM,2021-2022,2021,Profesional,2430
RO116,SJ,2021-2022,2021,Gimnazial,8803
RO116,SJ,2021-2022,2021,Liceal,6505
RO116,SJ,2021-2022,2021,Postliceal,684
RO116,SJ,2021-2022,2021,Preșcolar,7449
RO116,SJ,2021-2022,2021,Primar,11024
RO116,SJ,2021-2022,2021,Profesional,1074
RO121,AB,2021-2022,2021,Antepreşcolar,109
RO121,AB,2021-2022,2021,Gimnazial,12977
RO121,AB,2021-2022,2021,Liceal,10260
RO121,AB,2021-2022,2021,Postliceal,1088
RO121,AB,2021-2022,2021,Preșcolar,8682
RO121,AB,2021-2022,2021,Primar,14427
RO121,AB,2021-2022,2021,Profesional,2274
RO122,BV,2021-2022,2021,Gimnazial,22174
RO122,BV,2021-2022,2021,Liceal,14644
RO122,BV,2021-2022,2021,Postliceal,2039
RO122,BV,2021-2022,2021,Preșcolar,16933
RO122,BV,2021-2022,2021,Primar,28596
RO122,BV,2021-2022,2021,Profesional,4241
RO123,CV,2021-2022,2021,Antepreşcolar,445
RO123,CV,2021-2022,2021,Gimnazial,8318
RO123,CV,2021-2022,2021,Liceal,5028
RO123,CV,2021-2022,2021,Postliceal,304
RO123,CV,2021-2022,2021,Preșcolar,6186
RO123,CV,2021-2022,2021,Primar,10847
RO123,CV,2021-2022,2021,Profesional,1556
RO124,HR,2021-2022,2021,Antepreşcolar,138
RO124,HR,2021-2022,2021,Gimnazial,12591
RO124,HR,2021-2022,2021,Liceal,8702
RO124,HR,2021-2022,2021,Postliceal,726
RO124,HR,2021-2022,2021,Preșcolar,10377
RO124,HR,2021-2022,2021,Primar,15463
RO124,HR,2021-2022,2021,Profesional,2252
RO125,MS,2021-2022,2021,Antepreşcolar,455
RO125,MS,2021-2022,2021,Gimnazial,21111
RO125,MS,2021-2022,2021,Liceal,14863
RO125,MS,2021-2022,2021,Postliceal,2214
RO125,MS,2021-2022,2021,Preșcolar,16295
RO125,MS,2021-2022,2021,Primar,26833
RO125,MS,2021-2022,2021,Profesional,2481
RO126,SB,2021-2022,2021,Antepreşcolar,619
RO126,SB,2021-2022,2021,Gimnazial,16268
RO126,SB,2021-2022,2021,Liceal,10931
RO126,SB,2021-2022,2021,Postliceal,1894
RO126,SB,2021-2022,2021,Preșcolar,13172
RO126,SB,2021-2022,2021,Primar,20100
RO126,SB,2021-2022,2021,Profesional,2631
RO211,BC,2021-2022,2021,Antepreşcolar,0
RO211,BC,2021-2022,2021,Gimnazial,24028
RO211,BC,2021-2022,2021,Liceal,17381
RO211,BC,2021-2022,2021,Postliceal,1866
RO211,BC,2021-2022,2021,Preșcolar,15814
RO211,BC,2021-2022,2021,Primar,27611
RO211,BC,2021-2022,2021,Profesional,4152
RO212,BT,2021-2022,2021,Antepreşcolar,0
RO212,BT,2021-2022,2021,Gimnazial,16757
RO212,BT,2021-2022,2021,Liceal,12362
RO212,BT,2021-2022,2021,Postliceal,966
RO212,BT,2021-2022,2021,Preșcolar,10635
RO212,BT,2021-2022,2021,Primar,18037
RO212,BT,2021-2022,2021,Profesional,3151
RO213,IS,2021-2022,2021,Antepreşcolar,119
RO213,IS,2021-2022,2021,Gimnazial,34180
RO213,IS,2021-2022,2021,Liceal,23631
RO213,IS,2021-2022,2021,Postliceal,3341
RO213,IS,2021-2022,2021,Preșcolar,22710
RO213,IS,2021-2022,2021,Primar,38877
RO213,IS,2021-2022,2021,Profesional,6042
RO214,NT,2021-2022,2021,Gimnazial,17787
RO214,NT,2021-2022,2021,Liceal,14305
RO214,NT,2021-2022,2021,Postliceal,1590
RO214,NT,2021-2022,2021,Preșcolar,11577
RO214,NT,2021-2022,2021,Primar,20281
RO214,NT,2021-2022,2021,Profesional,3559
RO215,SV,2021-2022,2021,Antepreşcolar,46
RO215,SV,2021-2022,2021,Gimnazial,29023
RO215,SV,2021-2022,2021,Liceal,22521
RO215,SV,2021-2022,2021,Postliceal,2581
RO215,SV,2021-2022,2021,Preșcolar,21562
RO215,SV,2021-2022,2021,Primar,34898
RO215,SV,2021-2022,2021,Profesional,4594
RO216,VS,2021-2022,2021,Antepreşcolar,0
RO216,VS,2021-2022,2021,Gimnazial,16402
RO216,VS,2021-2022,2021,Liceal,11691
RO216,VS,2021-2022,2021,Postliceal,976
RO216,VS,2021-2022,2021,Preșcolar,10278
RO216,VS,2021-2022,2021,Primar,16744
RO216,VS,2021-2022,2021,Profesional,2843
RO221,BR,2021-2022,2021,Antepreşcolar,0
RO221,BR,2021-2022,2021,Gimnazial,11145
RO221,BR,2021-2022,2021,Liceal,8871
RO221,BR,2021-2022,2021,Postliceal,1359
RO221,BR,2021-2022,2021,Preșcolar,6996
RO221,BR,2021-2022,2021,Primar,11396
RO221,BR,2021-2022,2021,Profesional,1862
RO222,BZ,2021-2022,2021,Antepreşcolar,482
RO222,BZ,2021-2022,2021,Gimnazial,16280
RO222,BZ,2021-2022,2021,Liceal,12154
RO222,BZ,2021-2022,2021,Postliceal,1927
RO222,BZ,2021-2022,2021,Preșcolar,10289
RO222,BZ,2021-2022,2021,Primar,17518
RO222,BZ,2021-2022,2021,Profesional,2607
RO223,CT,2021-2022,2021,Antepreşcolar,76
RO223,CT,2021-2022,2021,Gimnazial,27816
RO223,CT,2021-2022,2021,Liceal,21972
RO223,CT,2021-2022,2021,Postliceal,4424
RO223,CT,2021-2022,2021,Preșcolar,18642
RO223,CT,2021-2022,2021,Primar,32612
RO223,CT,2021-2022,2021,Profesional,4169
RO224,GL,2021-2022,2021,Antepreşcolar,35
RO224,GL,2021-2022,2021,Gimnazial,19500
RO224,GL,2021-2022,2021,Liceal,16682
RO224,GL,2021-2022,2021,Postliceal,3067
RO224,GL,2021-2022,2021,Preșcolar,12163
RO224,GL,2021-2022,2021,Primar,20679
RO224,GL,2021-2022,2021,Profesional,2558
RO225,TL,2021-2022,2021,Gimnazial,7575
RO225,TL,2021-2022,2021,Liceal,5435
RO225,TL,2021-2022,2021,Postliceal,513
RO225,TL,2021-2022,2021,Preșcolar,4635
RO225,TL,2021-2022,2021,Primar,8638
RO225,TL,2021-2022,2021,Profesional,1158
RO226,VN,2021-2022,2021,Gimnazial,12835
RO226,VN,2021-2022,2021,Liceal,10263
RO226,VN,2021-2022,2021,Postliceal,1481
RO226,VN,2021-2022,2021,Preșcolar,8695
RO226,VN,2021-2022,2021,Primar,15109
RO226,VN,2021-2022,2021,Profesional,1261
RO311,AG,2021-2022,2021,Antepreşcolar,66
RO311,AG,2021-2022,2021,Gimnazial,22300
RO311,AG,2021-2022,2021,Liceal,19703
RO311,AG,2021-2022,2021,Postliceal,2537
RO311,AG,2021-2022,2021,Preșcolar,16074
RO311,AG,2021-2022,2021,Primar,24975
RO311,AG,2021-2022,2021,Profesional,3079
RO312,CL,2021-2022,2021,Gimnazial,11845
RO312,CL,2021-2022,2021,Liceal,5989
RO312,CL,2021-2022,2021,Postliceal,608
RO312,CL,2021-2022,2021,Preșcolar,6816
RO312,CL,2021-2022,2021,Primar,12972
RO312,CL,2021-2022,2021,Profesional,1478
RO313,DB,2021-2022,2021,Gimnazial,17991
RO313,DB,2021-2022,2021,Liceal,13230
RO313,DB,2021-2022,2021,Postliceal,1484
RO313,DB,2021-2022,2021,Preșcolar,11910
RO313,DB,2021-2022,2021,Primar,19947
RO313,DB,2021-2022,2021,Profesional,2253
RO314,GR,2021-2022,2021,Antepreşcolar,0
RO314,GR,2021-2022,2021,Gimnazial,10562
RO314,GR,2021-2022,2021,Liceal,5443
RO314,GR,2021-2022,2021,Postliceal,652
RO314,GR,2021-2022,2021,Preșcolar,5605
RO314,GR,2021-2022,2021,Primar,12069
RO314,GR,2021-2022,2021,Profesional,615
RO315,IL,2021-2022,2021,Antepreşcolar,152
RO315,IL,2021-2022,2021,Gimnazial,9610
RO315,IL,2021-2022,2021,Liceal,6849
RO315,IL,2021-2022,2021,Postliceal,533
RO315,IL,2021-2022,2021,Preșcolar,6009
RO315,IL,2021-2022,2021,Primar,10845
RO315,IL,2021-2022,2021,Profesional,1695
RO316,PH,2021-2022,2021,Antepreşcolar,26
RO316,PH,2021-2022,2021,Gimnazial,27461
RO316,PH,2021-2022,2021,Liceal,22346
RO316,PH,2021-2022,2021,Postliceal,2706
RO316,PH,2021-2022,2021,Preșcolar,16921
RO316,PH,2021-2022,2021,Primar,29736
RO316,PH,2021-2022,2021,Profesional,3954
RO317,TR,2021-2022,2021,Antepreşcolar,134
RO317,TR,2021-2022,2021,Gimnazial,10864
RO317,TR,2021-2022,2021,Liceal,8763
RO317,TR,2021-2022,2021,Postliceal,1320
RO317,TR,2021-2022,2021,Preșcolar,6982
RO317,TR,2021-2022,2021,Primar,11674
RO317,TR,2021-2022,2021,Profesional,1068
RO321,B,2021-2022,2021,Antepreşcolar,53
RO321,B,2021-2022,2021,Gimnazial,71930
RO321,B,2021-2022,2021,Liceal,70840
RO321,B,2021-2022,2021,Postliceal,10597
RO321,B,2021-2022,2021,Preșcolar,48149
RO321,B,2021-2022,2021,Primar,83198
RO321,B,2021-2022,2021,Profesional,4603
RO322,IF,2021-2022,2021,Antepreşcolar,48
RO322,IF,2021-2022,2021,Gimnazial,16712
RO322,IF,2021-2022,2021,Liceal,6996
RO322,IF,2021-2022,2021,Postliceal,319
RO322,IF,2021-2022,2021,Preșcolar,14233
RO322,IF,2021-2022,2021,Primar,21972
RO322,IF,2021-2022,2021,Profesional,738
RO411,DJ,2021-2022,2021,Gimnazial,21171
RO411,DJ,2021-2022,2021,Liceal,19469
RO411,DJ,2021-2022,2021,Postliceal,5820
RO411,DJ,2021-2022,2021,Preșcolar,15770
RO411,DJ,2021-2022,2021,Primar,26275
RO411,DJ,2021-2022,2021,Profesional,2629
RO412,GJ,2021-2022,2021,Antepreşcolar,372
RO412,GJ,2021-2022,2021,Gimnazial,12196
RO412,GJ,2021-2022,2021,Liceal,11527
RO412,GJ,2021-2022,2021,Postliceal,2484
RO412,GJ,2021-2022,2021,Preșcolar,7963
RO412,GJ,2021-2022,2021,Primar,12489
RO412,GJ,2021-2022,2021,Profesional,1637
RO413,MH,2021-2022,2021,Gimnazial,7956
RO413,MH,2021-2022,2021,Liceal,9095
RO413,MH,2021-2022,2021,Postliceal,2531
RO413,MH,2021-2022,2021,Preșcolar,5730
RO413,MH,2021-2022,2021,Primar,9081
RO413,MH,2021-2022,2021,Profesional,820
RO414,OT,2021-2022,2021,Antepreşcolar,116
RO414,OT,2021-2022,2021,Gimnazial,14287
RO414,OT,2021-2022,2021,Liceal,13195
RO414,OT,2021-2022,2021,Postliceal,2652
RO414,OT,2021-2022,2021,Preșcolar,9658
RO414,OT,2021-2022,2021,Primar,14767
RO414,OT,2021-2022,2021,Profesional,1996
RO415,VL,2021-2022,2021,Antepreşcolar,0
RO415,VL,2021-2022,2021,Gimnazial,12056
RO415,VL,2021-2022,2021,Liceal,10534
RO415,VL,2021-2022,2021,Postliceal,1787
RO415,VL,2021-2022,2021,Preșcolar,8840
RO415,VL,2021-2022,2021,Primar,13583
RO415,VL,2021-2022,2021,Profesional,1898
RO421,AR,2021-2022,2021,Antepreşcolar,209
RO421,AR,2021-2022,2021,Gimnazial,15390
RO421,AR,2021-2022,2021,Liceal,12362
RO421,AR,2021-2022,2021,Postliceal,1588
RO421,AR,2021-2022,2021,Preșcolar,12045
RO421,AR,2021-2022,2021,Primar,18400
RO421,AR,2021-2022,2021,Profesional,1895
RO422,CS,2021-2022,2021,Antepreşcolar,0
RO422,CS,2021-2022,2021,Gimnazial,8725
RO422,CS,2021-2022,2021,Liceal,8309
RO422,CS,2021-2022,2021,Postliceal,1432
RO422,CS,2021-2022,2021,Preșcolar,6335
RO422,CS,2021-2022,2021,Primar,9488
RO422,CS,2021-2022,2021,Profesional,1327
RO423,HD,2021-2022,2021,Antepreşcolar,255
RO423,HD,2021-2022,2021,Gimnazial,13578
RO423,HD,2021-2022,2021,Liceal,11695
RO423,HD,2021-2022,2021,Postliceal,3142
RO423,HD,2021-2022,2021,Preșcolar,8309
RO423,HD,2021-2022,2021,Primar,13543
RO423,HD,2021-2022,2021,Profesional,2493
RO424,TM,2021-2022,2021,Antepreşcolar,84
RO424,TM,2021-2022,2021,Gimnazial,24182
RO424,TM,2021-2022,2021,Liceal,19846
RO424,TM,2021-2022,2021,Postliceal,3131
RO424,TM,2021-2022,2021,Preșcolar,18865
RO424,TM,2021-2022,2021,Primar,29955
RO424,TM,2021-2022,2021,Profesional,3630
RO111,BH,2022-2023,2022,Antepreşcolar,1375
RO111,BH,2022-2023,2022,Gimnazial,22267
RO111,BH,2022-2023,2022,Liceal,16508
RO111,BH,2022-2023,2022,Postliceal,2095
RO111,BH,2022-2023,2022,Preșcolar,17303
RO111,BH,2022-2023,2022,Primar,27088
RO111,BH,2022-2023,2022,Profesional,3323
RO112,BN,2022-2023,2022,Antepreşcolar,503
RO112,BN,2022-2023,2022,Gimnazial,12001
RO112,BN,2022-2023,2022,Liceal,8696
RO112,BN,2022-2023,2022,Postliceal,1216
RO112,BN,2022-2023,2022,Preșcolar,9271
RO112,BN,2022-2023,2022,Primar,14682
RO112,BN,2022-2023,2022,Profesional,1822
RO113,CJ,2022-2023,2022,Antepreşcolar,2932
RO113,CJ,2022-2023,2022,Gimnazial,24853
RO113,CJ,2022-2023,2022,Liceal,18711
RO113,CJ,2022-2023,2022,Postliceal,3613
RO113,CJ,2022-2023,2022,Preșcolar,21971
RO113,CJ,2022-2023,2022,Primar,31892
RO113,CJ,2022-2023,2022,Profesional,3101
RO114,MM,2022-2023,2022,Antepreşcolar,336
RO114,MM,2022-2023,2022,Gimnazial,16578
RO114,MM,2022-2023,2022,Liceal,15405
RO114,MM,2022-2023,2022,Postliceal,1556
RO114,MM,2022-2023,2022,Preșcolar,13144
RO114,MM,2022-2023,2022,Primar,19670
RO114,MM,2022-2023,2022,Profesional,2152
RO115,SM,2022-2023,2022,Antepreşcolar,170
RO115,SM,2022-2023,2022,Gimnazial,12833
RO115,SM,2022-2023,2022,Liceal,8584
RO115,SM,2022-2023,2022,Postliceal,1650
RO115,SM,2022-2023,2022,Preșcolar,10030
RO115,SM,2022-2023,2022,Primar,15419
RO115,SM,2022-2023,2022,Profesional,2201
RO116,SJ,2022-2023,2022,Antepreşcolar,271
RO116,SJ,2022-2023,2022,Gimnazial,8749
RO116,SJ,2022-2023,2022,Liceal,6334
RO116,SJ,2022-2023,2022,Postliceal,634
RO116,SJ,2022-2023,2022,Preșcolar,7536
RO116,SJ,2022-2023,2022,Primar,11200
RO116,SJ,2022-2023,2022,Profesional,1028
RO121,AB,2022-2023,2022,Antepreşcolar,178
RO121,AB,2022-2023,2022,Gimnazial,13601
RO121,AB,2022-2023,2022,Liceal,9775
RO121,AB,2022-2023,2022,Postliceal,1147
RO121,AB,2022-2023,2022,Preșcolar,8692
RO121,AB,2022-2023,2022,Primar,14323
RO121,AB,2022-2023,2022,Profesional,2302
RO122,BV,2022-2023,2022,Antepreşcolar,0
RO122,BV,2022-2023,2022,Gimnazial,22687
RO122,BV,2022-2023,2022,Liceal,14688
RO122,BV,2022-2023,2022,Postliceal,1999
RO122,BV,2022-2023,2022,Preșcolar,17406
RO122,BV,2022-2023,2022,Primar,29031
RO122,BV,2022-2023,2022,Profesional,4085
RO123,CV,2022-2023,2022,Antepreşcolar,579
RO123,CV,2022-2023,2022,Gimnazial,8192
RO123,CV,2022-2023,2022,Liceal,5079
RO123,CV,2022-2023,2022,Postliceal,318
RO123,CV,2022-2023,2022,Preșcolar,6235
RO123,CV,2022-2023,2022,Primar,10995
RO123,CV,2022-2023,2022,Profesional,1439
RO124,HR,2022-2023,2022,Antepreşcolar,274
RO124,HR,2022-2023,2022,Gimnazial,12249
RO124,HR,2022-2023,2022,Liceal,8800
RO124,HR,2022-2023,2022,Postliceal,808
RO124,HR,2022-2023,2022,Preșcolar,10522
RO124,HR,2022-2023,2022,Primar,15475
RO124,HR,2022-2023,2022,Profesional,2262
RO125,MS,2022-2023,2022,Antepreşcolar,806
RO125,MS,2022-2023,2022,Gimnazial,21095
RO125,MS,2022-2023,2022,Liceal,14658
RO125,MS,2022-2023,2022,Postliceal,2069
RO125,MS,2022-2023,2022,Preșcolar,16304
RO125,MS,2022-2023,2022,Primar,27414
RO125,MS,2022-2023,2022,Profesional,2264
RO126,SB,2022-2023,2022,Antepreşcolar,761
RO126,SB,2022-2023,2022,Gimnazial,16302
RO126,SB,2022-2023,2022,Liceal,10960
RO126,SB,2022-2023,2022,Postliceal,1805
RO126,SB,2022-2023,2022,Preșcolar,13408
RO126,SB,2022-2023,2022,Primar,20636
RO126,SB,2022-2023,2022,Profesional,2503
RO211,BC,2022-2023,2022,Antepreşcolar,563
RO211,BC,2022-2023,2022,Gimnazial,23458
RO211,BC,2022-2023,2022,Liceal,17201
RO211,BC,2022-2023,2022,Postliceal,1783
RO211,BC,2022-2023,2022,Preșcolar,15639
RO211,BC,2022-2023,2022,Primar,27266
RO211,BC,2022-2023,2022,Profesional,3766
RO212,BT,2022-2023,2022,Antepreşcolar,133
RO212,BT,2022-2023,2022,Gimnazial,16116
RO212,BT,2022-2023,2022,Liceal,12210
RO212,BT,2022-2023,2022,Postliceal,898
RO212,BT,2022-2023,2022,Preșcolar,10714
RO212,BT,2022-2023,2022,Primar,18031
RO212,BT,2022-2023,2022,Profesional,2716
RO213,IS,2022-2023,2022,Antepreşcolar,599
RO213,IS,2022-2023,2022,Gimnazial,33461
RO213,IS,2022-2023,2022,Liceal,23983
RO213,IS,2022-2023,2022,Postliceal,2876
RO213,IS,2022-2023,2022,Preșcolar,22679
RO213,IS,2022-2023,2022,Primar,39016
RO213,IS,2022-2023,2022,Profesional,5519
RO214,NT,2022-2023,2022,Antepreşcolar,359
RO214,NT,2022-2023,2022,Gimnazial,17544
RO214,NT,2022-2023,2022,Liceal,13889
RO214,NT,2022-2023,2022,Postliceal,1644
RO214,NT,2022-2023,2022,Preșcolar,11670
RO214,NT,2022-2023,2022,Primar,20286
RO214,NT,2022-2023,2022,Profesional,3130
RO215,SV,2022-2023,2022,Antepreşcolar,70
RO215,SV,2022-2023,2022,Gimnazial,28959
RO215,SV,2022-2023,2022,Liceal,22261
RO215,SV,2022-2023,2022,Postliceal,2430
RO215,SV,2022-2023,2022,Preșcolar,21926
RO215,SV,2022-2023,2022,Primar,35444
RO215,SV,2022-2023,2022,Profesional,3961
RO216,VS,2022-2023,2022,Antepreşcolar,245
RO216,VS,2022-2023,2022,Gimnazial,15803
RO216,VS,2022-2023,2022,Liceal,11740
RO216,VS,2022-2023,2022,Postliceal,952
RO216,VS,2022-2023,2022,Preșcolar,10146
RO216,VS,2022-2023,2022,Primar,16468
RO216,VS,2022-2023,2022,Profesional,2450
RO221,BR,2022-2023,2022,Antepreşcolar,284
RO221,BR,2022-2023,2022,Gimnazial,10581
RO221,BR,2022-2023,2022,Liceal,8839
RO221,BR,2022-2023,2022,Postliceal,1405
RO221,BR,2022-2023,2022,Preșcolar,6886
RO221,BR,2022-2023,2022,Primar,11249
RO221,BR,2022-2023,2022,Profesional,1766
RO222,BZ,2022-2023,2022,Antepreşcolar,521
RO222,BZ,2022-2023,2022,Gimnazial,15818
RO222,BZ,2022-2023,2022,Liceal,12166
RO222,BZ,2022-2023,2022,Postliceal,2010
RO222,BZ,2022-2023,2022,Preșcolar,10186
RO222,BZ,2022-2023,2022,Primar,17389
RO222,BZ,2022-2023,2022,Profesional,2432
RO223,CT,2022-2023,2022,Antepreşcolar,667
RO223,CT,2022-2023,2022,Gimnazial,27526
RO223,CT,2022-2023,2022,Liceal,21880
RO223,CT,2022-2023,2022,Postliceal,4044
RO223,CT,2022-2023,2022,Preșcolar,18504
RO223,CT,2022-2023,2022,Primar,32908
RO223,CT,2022-2023,2022,Profesional,3913
RO224,GL,2022-2023,2022,Antepreşcolar,50
RO224,GL,2022-2023,2022,Gimnazial,19155
RO224,GL,2022-2023,2022,Liceal,16463
RO224,GL,2022-2023,2022,Postliceal,2786
RO224,GL,2022-2023,2022,Preșcolar,12071
RO224,GL,2022-2023,2022,Primar,20975
RO224,GL,2022-2023,2022,Profesional,2369
RO225,TL,2022-2023,2022,Antepreşcolar,0
RO225,TL,2022-2023,2022,Gimnazial,7301
RO225,TL,2022-2023,2022,Liceal,5420
RO225,TL,2022-2023,2022,Postliceal,350
RO225,TL,2022-2023,2022,Preșcolar,4487
RO225,TL,2022-2023,2022,Primar,8356
RO225,TL,2022-2023,2022,Profesional,1037
RO226,VN,2022-2023,2022,Antepreşcolar,0
RO226,VN,2022-2023,2022,Gimnazial,12803
RO226,VN,2022-2023,2022,Liceal,10323
RO226,VN,2022-2023,2022,Postliceal,1442
RO226,VN,2022-2023,2022,Preșcolar,8374
RO226,VN,2022-2023,2022,Primar,15470
RO226,VN,2022-2023,2022,Profesional,1065
RO311,AG,2022-2023,2022,Antepreşcolar,1054
RO311,AG,2022-2023,2022,Gimnazial,21934
RO311,AG,2022-2023,2022,Liceal,19449
RO311,AG,2022-2023,2022,Postliceal,2759
RO311,AG,2022-2023,2022,Preșcolar,16056
RO311,AG,2022-2023,2022,Primar,25015
RO311,AG,2022-2023,2022,Profesional,2758
RO312,CL,2022-2023,2022,Antepreşcolar,70
RO312,CL,2022-2023,2022,Gimnazial,11936
RO312,CL,2022-2023,2022,Liceal,5928
RO312,CL,2022-2023,2022,Postliceal,696
RO312,CL,2022-2023,2022,Preșcolar,6889
RO312,CL,2022-2023,2022,Primar,12988
RO312,CL,2022-2023,2022,Profesional,1288
RO313,DB,2022-2023,2022,Antepreşcolar,0
RO313,DB,2022-2023,2022,Gimnazial,17578
RO313,DB,2022-2023,2022,Liceal,12999
RO313,DB,2022-2023,2022,Postliceal,1295
RO313,DB,2022-2023,2022,Preșcolar,11996
RO313,DB,2022-2023,2022,Primar,20068
RO313,DB,2022-2023,2022,Profesional,1787
RO314,GR,2022-2023,2022,Antepreşcolar,0
RO314,GR,2022-2023,2022,Gimnazial,10459
RO314,GR,2022-2023,2022,Liceal,5265
RO314,GR,2022-2023,2022,Postliceal,617
RO314,GR,2022-2023,2022,Preșcolar,5691
RO314,GR,2022-2023,2022,Primar,11789
RO314,GR,2022-2023,2022,Profesional,778
RO315,IL,2022-2023,2022,Antepreşcolar,237
RO315,IL,2022-2023,2022,Gimnazial,9429
RO315,IL,2022-2023,2022,Liceal,6755
RO315,IL,2022-2023,2022,Postliceal,494
RO315,IL,2022-2023,2022,Preșcolar,5982
RO315,IL,2022-2023,2022,Primar,10771
RO315,IL,2022-2023,2022,Profesional,1533
RO316,PH,2022-2023,2022,Antepreşcolar,736
RO316,PH,2022-2023,2022,Gimnazial,26530
RO316,PH,2022-2023,2022,Liceal,22540
RO316,PH,2022-2023,2022,Postliceal,2601
RO316,PH,2022-2023,2022,Preșcolar,16880
RO316,PH,2022-2023,2022,Primar,29955
RO316,PH,2022-2023,2022,Profesional,3676
RO317,TR,2022-2023,2022,Antepreşcolar,298
RO317,TR,2022-2023,2022,Gimnazial,10645
RO317,TR,2022-2023,2022,Liceal,8434
RO317,TR,2022-2023,2022,Postliceal,1349
RO317,TR,2022-2023,2022,Preșcolar,6937
RO317,TR,2022-2023,2022,Primar,11738
RO317,TR,2022-2023,2022,Profesional,1049
RO321,B,2022-2023,2022,Antepreşcolar,5436
RO321,B,2022-2023,2022,Gimnazial,71605
RO321,B,2022-2023,2022,Liceal,72803
RO321,B,2022-2023,2022,Postliceal,10232
RO321,B,2022-2023,2022,Preșcolar,48551
RO321,B,2022-2023,2022,Primar,83924
RO321,B,2022-2023,2022,Profesional,4281
RO322,IF,2022-2023,2022,Antepreşcolar,606
RO322,IF,2022-2023,2022,Gimnazial,16802
RO322,IF,2022-2023,2022,Liceal,6986
RO322,IF,2022-2023,2022,Postliceal,318
RO322,IF,2022-2023,2022,Preșcolar,15039
RO322,IF,2022-2023,2022,Primar,23021
RO322,IF,2022-2023,2022,Profesional,895
RO411,DJ,2022-2023,2022,Antepreşcolar,289
RO411,DJ,2022-2023,2022,Gimnazial,21854
RO411,DJ,2022-2023,2022,Liceal,19289
RO411,DJ,2022-2023,2022,Postliceal,5945
RO411,DJ,2022-2023,2022,Preșcolar,15801
RO411,DJ,2022-2023,2022,Primar,26380
RO411,DJ,2022-2023,2022,Profesional,2350
RO412,GJ,2022-2023,2022,Antepreşcolar,459
RO412,GJ,2022-2023,2022,Gimnazial,11807
RO412,GJ,2022-2023,2022,Liceal,11155
RO412,GJ,2022-2023,2022,Postliceal,2434
RO412,GJ,2022-2023,2022,Preșcolar,7917
RO412,GJ,2022-2023,2022,Primar,12515
RO412,GJ,2022-2023,2022,Profesional,1384
RO413,MH,2022-2023,2022,Antepreşcolar,47
RO413,MH,2022-2023,2022,Gimnazial,7830
RO413,MH,2022-2023,2022,Liceal,9119
RO413,MH,2022-2023,2022,Postliceal,2581
RO413,MH,2022-2023,2022,Preșcolar,5663
RO413,MH,2022-2023,2022,Primar,8978
RO413,MH,2022-2023,2022,Profesional,710
RO414,OT,2022-2023,2022,Antepreşcolar,217
RO414,OT,2022-2023,2022,Gimnazial,13720
RO414,OT,2022-2023,2022,Liceal,12811
RO414,OT,2022-2023,2022,Postliceal,2617
RO414,OT,2022-2023,2022,Preșcolar,9642
RO414,OT,2022-2023,2022,Primar,14697
RO414,OT,2022-2023,2022,Profesional,1939
RO415,VL,2022-2023,2022,Antepreşcolar,265
RO415,VL,2022-2023,2022,Gimnazial,11840
RO415,VL,2022-2023,2022,Liceal,10467
RO415,VL,2022-2023,2022,Postliceal,1748
RO415,VL,2022-2023,2022,Preșcolar,8884
RO415,VL,2022-2023,2022,Primar,13454
RO415,VL,2022-2023,2022,Profesional,1597
RO421,AR,2022-2023,2022,Antepreşcolar,337
RO421,AR,2022-2023,2022,Gimnazial,15302
RO421,AR,2022-2023,2022,Liceal,12522
RO421,AR,2022-2023,2022,Postliceal,1620
RO421,AR,2022-2023,2022,Preșcolar,12113
RO421,AR,2022-2023,2022,Primar,18321
RO421,AR,2022-2023,2022,Profesional,1666
RO422,CS,2022-2023,2022,Antepreşcolar,237
RO422,CS,2022-2023,2022,Gimnazial,8872
RO422,CS,2022-2023,2022,Liceal,8114
RO422,CS,2022-2023,2022,Postliceal,1358
RO422,CS,2022-2023,2022,Preșcolar,6396
RO422,CS,2022-2023,2022,Primar,9707
RO422,CS,2022-2023,2022,Profesional,1181
RO423,HD,2022-2023,2022,Antepreşcolar,447
RO423,HD,2022-2023,2022,Gimnazial,13034
RO423,HD,2022-2023,2022,Liceal,11573
RO423,HD,2022-2023,2022,Postliceal,3071
RO423,HD,2022-2023,2022,Preșcolar,8178
RO423,HD,2022-2023,2022,Primar,13676
RO423,HD,2022-2023,2022,Profesional,2220
RO424,TM,2022-2023,2022,Antepreşcolar,725
RO424,TM,2022-2023,2022,Gimnazial,24266
RO424,TM,2022-2023,2022,Liceal,20024
RO424,TM,2022-2023,2022,Postliceal,2935
RO424,TM,2022-2023,2022,Preșcolar,19035
RO424,TM,2022-2023,2022,Primar,30943
RO424,TM,2022-2023,2022,Profesional,3111
RO111,BH,2023-2024,2023,Antepreşcolar,1632
RO111,BH,2023-2024,2023,Gimnazial,21880
RO111,BH,2023-2024,2023,Liceal,16806
RO111,BH,2023-2024,2023,Postliceal,2073
RO111,BH,2023-2024,2023,Preșcolar,17272
RO111,BH,2023-2024,2023,Primar,27436
RO111,BH,2023-2024,2023,Profesional,3216
RO112,BN,2023-2024,2023,Antepreşcolar,818
RO112,BN,2023-2024,2023,Gimnazial,11818
RO112,BN,2023-2024,2023,Liceal,9140
RO112,BN,2023-2024,2023,Postliceal,1166
RO112,BN,2023-2024,2023,Preșcolar,9187
RO112,BN,2023-2024,2023,Primar,14973
RO112,BN,2023-2024,2023,Profesional,1639
RO113,CJ,2023-2024,2023,Antepreşcolar,3342
RO113,CJ,2023-2024,2023,Gimnazial,24785
RO113,CJ,2023-2024,2023,Liceal,19521
RO113,CJ,2023-2024,2023,Postliceal,3253
RO113,CJ,2023-2024,2023,Preșcolar,21861
RO113,CJ,2023-2024,2023,Primar,33077
RO113,CJ,2023-2024,2023,Profesional,2931
RO114,MM,2023-2024,2023,Antepreşcolar,1075
RO114,MM,2023-2024,2023,Gimnazial,16177
RO114,MM,2023-2024,2023,Liceal,14997
RO114,MM,2023-2024,2023,Postliceal,1425
RO114,MM,2023-2024,2023,Preșcolar,13082
RO114,MM,2023-2024,2023,Primar,19792
RO114,MM,2023-2024,2023,Profesional,2081
RO115,SM,2023-2024,2023,Antepreşcolar,711
RO115,SM,2023-2024,2023,Gimnazial,12503
RO115,SM,2023-2024,2023,Liceal,8718
RO115,SM,2023-2024,2023,Postliceal,1550
RO115,SM,2023-2024,2023,Preșcolar,9708
RO115,SM,2023-2024,2023,Primar,15576
RO115,SM,2023-2024,2023,Profesional,2094
RO116,SJ,2023-2024,2023,Antepreşcolar,353
RO116,SJ,2023-2024,2023,Gimnazial,8641
RO116,SJ,2023-2024,2023,Liceal,6497
RO116,SJ,2023-2024,2023,Postliceal,597
RO116,SJ,2023-2024,2023,Preșcolar,7461
RO116,SJ,2023-2024,2023,Primar,11446
RO116,SJ,2023-2024,2023,Profesional,1035
RO121,AB,2023-2024,2023,Antepreşcolar,562
RO121,AB,2023-2024,2023,Gimnazial,12440
RO121,AB,2023-2024,2023,Liceal,9655
RO121,AB,2023-2024,2023,Postliceal,1067
RO121,AB,2023-2024,2023,Preșcolar,8734
RO121,AB,2023-2024,2023,Primar,14293
RO121,AB,2023-2024,2023,Profesional,2313
RO122,BV,2023-2024,2023,Antepreşcolar,1500
RO122,BV,2023-2024,2023,Gimnazial,22176
RO122,BV,2023-2024,2023,Liceal,15208
RO122,BV,2023-2024,2023,Postliceal,1879
RO122,BV,2023-2024,2023,Preșcolar,17451
RO122,BV,2023-2024,2023,Primar,29859
RO122,BV,2023-2024,2023,Profesional,3913
RO123,CV,2023-2024,2023,Antepreşcolar,645
RO123,CV,2023-2024,2023,Gimnazial,7928
RO123,CV,2023-2024,2023,Liceal,5023
RO123,CV,2023-2024,2023,Postliceal,356
RO123,CV,2023-2024,2023,Preșcolar,6153
RO123,CV,2023-2024,2023,Primar,10859
RO123,CV,2023-2024,2023,Profesional,1483
RO124,HR,2023-2024,2023,Antepreşcolar,551
RO124,HR,2023-2024,2023,Gimnazial,12063
RO124,HR,2023-2024,2023,Liceal,8905
RO124,HR,2023-2024,2023,Postliceal,866
RO124,HR,2023-2024,2023,Preșcolar,10435
RO124,HR,2023-2024,2023,Primar,15580
RO124,HR,2023-2024,2023,Profesional,2243
RO125,MS,2023-2024,2023,Antepreşcolar,975
RO125,MS,2023-2024,2023,Gimnazial,20375
RO125,MS,2023-2024,2023,Liceal,14500
RO125,MS,2023-2024,2023,Postliceal,2116
RO125,MS,2023-2024,2023,Preșcolar,16061
RO125,MS,2023-2024,2023,Primar,27377
RO125,MS,2023-2024,2023,Profesional,2349
RO126,SB,2023-2024,2023,Antepreşcolar,1123
RO126,SB,2023-2024,2023,Gimnazial,16252
RO126,SB,2023-2024,2023,Liceal,10998
RO126,SB,2023-2024,2023,Postliceal,1567
RO126,SB,2023-2024,2023,Preșcolar,13280
RO126,SB,2023-2024,2023,Primar,21203
RO126,SB,2023-2024,2023,Profesional,2418
RO211,BC,2023-2024,2023,Antepreşcolar,712
RO211,BC,2023-2024,2023,Gimnazial,22982
RO211,BC,2023-2024,2023,Liceal,17222
RO211,BC,2023-2024,2023,Postliceal,1723
RO211,BC,2023-2024,2023,Preșcolar,15514
RO211,BC,2023-2024,2023,Primar,27185
RO211,BC,2023-2024,2023,Profesional,3409
RO212,BT,2023-2024,2023,Antepreşcolar,141
RO212,BT,2023-2024,2023,Gimnazial,15323
RO212,BT,2023-2024,2023,Liceal,12372
RO212,BT,2023-2024,2023,Postliceal,855
RO212,BT,2023-2024,2023,Preșcolar,10675
RO212,BT,2023-2024,2023,Primar,17618
RO212,BT,2023-2024,2023,Profesional,2501
RO213,IS,2023-2024,2023,Antepreşcolar,2217
RO213,IS,2023-2024,2023,Gimnazial,32518
RO213,IS,2023-2024,2023,Liceal,23930
RO213,IS,2023-2024,2023,Postliceal,2369
RO213,IS,2023-2024,2023,Preșcolar,22680
RO213,IS,2023-2024,2023,Primar,39123
RO213,IS,2023-2024,2023,Profesional,5479
RO214,NT,2023-2024,2023,Antepreşcolar,499
RO214,NT,2023-2024,2023,Gimnazial,16754
RO214,NT,2023-2024,2023,Liceal,14085
RO214,NT,2023-2024,2023,Postliceal,1572
RO214,NT,2023-2024,2023,Preșcolar,11357
RO214,NT,2023-2024,2023,Primar,20337
RO214,NT,2023-2024,2023,Profesional,3060
RO215,SV,2023-2024,2023,Antepreşcolar,406
RO215,SV,2023-2024,2023,Gimnazial,28440
RO215,SV,2023-2024,2023,Liceal,22410
RO215,SV,2023-2024,2023,Postliceal,2423
RO215,SV,2023-2024,2023,Preșcolar,21703
RO215,SV,2023-2024,2023,Primar,36085
RO215,SV,2023-2024,2023,Profesional,3879
RO216,VS,2023-2024,2023,Antepreşcolar,386
RO216,VS,2023-2024,2023,Gimnazial,14913
RO216,VS,2023-2024,2023,Liceal,11923
RO216,VS,2023-2024,2023,Postliceal,845
RO216,VS,2023-2024,2023,Preșcolar,9756
RO216,VS,2023-2024,2023,Primar,16153
RO216,VS,2023-2024,2023,Profesional,2518
RO221,BR,2023-2024,2023,Antepreşcolar,281
RO221,BR,2023-2024,2023,Gimnazial,9958
RO221,BR,2023-2024,2023,Liceal,8867
RO221,BR,2023-2024,2023,Postliceal,1425
RO221,BR,2023-2024,2023,Preșcolar,6761
RO221,BR,2023-2024,2023,Primar,10988
RO221,BR,2023-2024,2023,Profesional,1815
RO222,BZ,2023-2024,2023,Antepreşcolar,645
RO222,BZ,2023-2024,2023,Gimnazial,15067
RO222,BZ,2023-2024,2023,Liceal,12310
RO222,BZ,2023-2024,2023,Postliceal,2217
RO222,BZ,2023-2024,2023,Preșcolar,10058
RO222,BZ,2023-2024,2023,Primar,17182
RO222,BZ,2023-2024,2023,Profesional,2302
RO223,CT,2023-2024,2023,Antepreşcolar,1048
RO223,CT,2023-2024,2023,Gimnazial,26904
RO223,CT,2023-2024,2023,Liceal,22377
RO223,CT,2023-2024,2023,Postliceal,3717
RO223,CT,2023-2024,2023,Preșcolar,18020
RO223,CT,2023-2024,2023,Primar,33357
RO223,CT,2023-2024,2023,Profesional,3944
RO224,GL,2023-2024,2023,Antepreşcolar,385
RO224,GL,2023-2024,2023,Gimnazial,18442
RO224,GL,2023-2024,2023,Liceal,16423
RO224,GL,2023-2024,2023,Postliceal,2837
RO224,GL,2023-2024,2023,Preșcolar,11801
RO224,GL,2023-2024,2023,Primar,21198
RO224,GL,2023-2024,2023,Profesional,2295
RO225,TL,2023-2024,2023,Antepreşcolar,341
RO225,TL,2023-2024,2023,Gimnazial,7059
RO225,TL,2023-2024,2023,Liceal,5311
RO225,TL,2023-2024,2023,Postliceal,388
RO225,TL,2023-2024,2023,Preșcolar,4339
RO225,TL,2023-2024,2023,Primar,8172
RO225,TL,2023-2024,2023,Profesional,1041
RO226,VN,2023-2024,2023,Antepreşcolar,178
RO226,VN,2023-2024,2023,Gimnazial,12454
RO226,VN,2023-2024,2023,Liceal,10557
RO226,VN,2023-2024,2023,Postliceal,1363
RO226,VN,2023-2024,2023,Preșcolar,8180
RO226,VN,2023-2024,2023,Primar,15000
RO226,VN,2023-2024,2023,Profesional,1045
RO311,AG,2023-2024,2023,Antepreşcolar,1279
RO311,AG,2023-2024,2023,Gimnazial,21397
RO311,AG,2023-2024,2023,Liceal,19714
RO311,AG,2023-2024,2023,Postliceal,3185
RO311,AG,2023-2024,2023,Preșcolar,15860
RO311,AG,2023-2024,2023,Primar,25390
RO311,AG,2023-2024,2023,Profesional,2682
RO312,CL,2023-2024,2023,Antepreşcolar,76
RO312,CL,2023-2024,2023,Gimnazial,10931
RO312,CL,2023-2024,2023,Liceal,6020
RO312,CL,2023-2024,2023,Postliceal,615
RO312,CL,2023-2024,2023,Preșcolar,6818
RO312,CL,2023-2024,2023,Primar,12875
RO312,CL,2023-2024,2023,Profesional,1347
RO313,DB,2023-2024,2023,Antepreşcolar,908
RO313,DB,2023-2024,2023,Gimnazial,17189
RO313,DB,2023-2024,2023,Liceal,13099
RO313,DB,2023-2024,2023,Postliceal,1266
RO313,DB,2023-2024,2023,Preșcolar,11498
RO313,DB,2023-2024,2023,Primar,20331
RO313,DB,2023-2024,2023,Profesional,1665
RO314,GR,2023-2024,2023,Antepreşcolar,66
RO314,GR,2023-2024,2023,Gimnazial,9719
RO314,GR,2023-2024,2023,Liceal,5027
RO314,GR,2023-2024,2023,Postliceal,572
RO314,GR,2023-2024,2023,Preșcolar,5683
RO314,GR,2023-2024,2023,Primar,11613
RO314,GR,2023-2024,2023,Profesional,1059
RO315,IL,2023-2024,2023,Antepreşcolar,253
RO315,IL,2023-2024,2023,Gimnazial,9140
RO315,IL,2023-2024,2023,Liceal,6737
RO315,IL,2023-2024,2023,Postliceal,453
RO315,IL,2023-2024,2023,Preșcolar,5921
RO315,IL,2023-2024,2023,Primar,10875
RO315,IL,2023-2024,2023,Profesional,1424
RO316,PH,2023-2024,2023,Antepreşcolar,766
RO316,PH,2023-2024,2023,Gimnazial,25698
RO316,PH,2023-2024,2023,Liceal,22588
RO316,PH,2023-2024,2023,Postliceal,2560
RO316,PH,2023-2024,2023,Preșcolar,16696
RO316,PH,2023-2024,2023,Primar,30303
RO316,PH,2023-2024,2023,Profesional,3540
RO317,TR,2023-2024,2023,Antepreşcolar,308
RO317,TR,2023-2024,2023,Gimnazial,10294
RO317,TR,2023-2024,2023,Liceal,8464
RO317,TR,2023-2024,2023,Postliceal,1387
RO317,TR,2023-2024,2023,Preșcolar,6730
RO317,TR,2023-2024,2023,Primar,11647
RO317,TR,2023-2024,2023,Profesional,970
RO321,B,2023-2024,2023,Antepreşcolar,6097
RO321,B,2023-2024,2023,Gimnazial,70529
RO321,B,2023-2024,2023,Liceal,74880
RO321,B,2023-2024,2023,Postliceal,9529
RO321,B,2023-2024,2023,Preșcolar,48588
RO321,B,2023-2024,2023,Primar,85076
RO321,B,2023-2024,2023,Profesional,4071
RO322,IF,2023-2024,2023,Antepreşcolar,1136
RO322,IF,2023-2024,2023,Gimnazial,16743
RO322,IF,2023-2024,2023,Liceal,7419
RO322,IF,2023-2024,2023,Postliceal,315
RO322,IF,2023-2024,2023,Preșcolar,16100
RO322,IF,2023-2024,2023,Primar,24495
RO322,IF,2023-2024,2023,Profesional,920
RO411,DJ,2023-2024,2023,Antepreşcolar,423
RO411,DJ,2023-2024,2023,Gimnazial,21919
RO411,DJ,2023-2024,2023,Liceal,19260
RO411,DJ,2023-2024,2023,Postliceal,5728
RO411,DJ,2023-2024,2023,Preșcolar,15792
RO411,DJ,2023-2024,2023,Primar,26504
RO411,DJ,2023-2024,2023,Profesional,2208
RO412,GJ,2023-2024,2023,Antepreşcolar,521
RO412,GJ,2023-2024,2023,Gimnazial,11380
RO412,GJ,2023-2024,2023,Liceal,11206
RO412,GJ,2023-2024,2023,Postliceal,2512
RO412,GJ,2023-2024,2023,Preșcolar,7664
RO412,GJ,2023-2024,2023,Primar,12394
RO412,GJ,2023-2024,2023,Profesional,1199
RO413,MH,2023-2024,2023,Antepreşcolar,374
RO413,MH,2023-2024,2023,Gimnazial,7729
RO413,MH,2023-2024,2023,Liceal,9104
RO413,MH,2023-2024,2023,Postliceal,2532
RO413,MH,2023-2024,2023,Preșcolar,5406
RO413,MH,2023-2024,2023,Primar,8915
RO413,MH,2023-2024,2023,Profesional,628
RO414,OT,2023-2024,2023,Antepreşcolar,249
RO414,OT,2023-2024,2023,Gimnazial,13212
RO414,OT,2023-2024,2023,Liceal,12846
RO414,OT,2023-2024,2023,Postliceal,2628
RO414,OT,2023-2024,2023,Preșcolar,9416
RO414,OT,2023-2024,2023,Primar,14866
RO414,OT,2023-2024,2023,Profesional,1913
RO415,VL,2023-2024,2023,Antepreşcolar,577
RO415,VL,2023-2024,2023,Gimnazial,11443
RO415,VL,2023-2024,2023,Liceal,10618
RO415,VL,2023-2024,2023,Postliceal,1762
RO415,VL,2023-2024,2023,Preșcolar,8658
RO415,VL,2023-2024,2023,Primar,13694
RO415,VL,2023-2024,2023,Profesional,1381
RO421,AR,2023-2024,2023,Antepreşcolar,382
RO421,AR,2023-2024,2023,Gimnazial,14984
RO421,AR,2023-2024,2023,Liceal,12935
RO421,AR,2023-2024,2023,Postliceal,1531
RO421,AR,2023-2024,2023,Preșcolar,12220
RO421,AR,2023-2024,2023,Primar,18516
RO421,AR,2023-2024,2023,Profesional,1511
RO422,CS,2023-2024,2023,Antepreşcolar,307
RO422,CS,2023-2024,2023,Gimnazial,8520
RO422,CS,2023-2024,2023,Liceal,8096
RO422,CS,2023-2024,2023,Postliceal,1205
RO422,CS,2023-2024,2023,Preșcolar,6200
RO422,CS,2023-2024,2023,Primar,9848
RO422,CS,2023-2024,2023,Profesional,1111
RO423,HD,2023-2024,2023,Antepreşcolar,489
RO423,HD,2023-2024,2023,Gimnazial,12517
RO423,HD,2023-2024,2023,Liceal,11710
RO423,HD,2023-2024,2023,Postliceal,3013
RO423,HD,2023-2024,2023,Preșcolar,8087
RO423,HD,2023-2024,2023,Primar,13832
RO423,HD,2023-2024,2023,Profesional,2087
RO424,TM,2023-2024,2023,Antepreşcolar,1022
RO424,TM,2023-2024,2023,Gimnazial,24260
RO424,TM,2023-2024,2023,Liceal,20887
RO424,TM,2023-2024,2023,Postliceal,2731
RO424,TM,2023-2024,2023,Preșcolar,18771
RO424,TM,2023-2024,2023,Primar,32159
RO424,TM,2023-2024,2023,Profesional,2751
